course_id,course_name,credits,description,college,instructor_name,campus,classroom,start_week,end_week,capacity,enrolled_count
27030560,智能制造系统分析与设计,3,,工程管理学院,"沈厚才,陈虹桥",仙林校区,仙Ⅰ-323,1,18,73,0
13031240,先进膜科学与技术,2,,化学化工学院,郭盛,仙林校区,仙Ⅱ-116,4,18,66,0
17010950,高级语言程序设计,2,,大气科学学院,"黄浩,丁可",仙林校区,仙Ⅱ-115,1,18,115,0
13031120,材料化学与物理,3,,化学化工学院,"郭学锋,徐伟高",仙林校区,仙Ⅱ-110,4,18,75,0
25000340,人机交互系统,3,,软件学院,冯桂焕,鼓楼校区,费A-318,1,18,64,0
61001710,精准表达-职场有效沟通力,1,,创新创业课程,吴斌,鼓楼校区,新教-405,2,7,69,0
28020670,国际中文教学概论,2,,海外教育学院,曹贤文,仙林校区,逸B-209,1,18,127,0
13030100,高分子导论,2,,化学化工学院,"武伟,甄叙",仙林校区,仙Ⅱ-103,1,18,116,0
8010670,"Gender, family and social changes in China",2,,社会学院,周培勤,仙林校区,仙Ⅱ-307,1,18,110,0
18041130,密码学与信息安全,2,,电子科学与工程学院,王健,仙林校区,仙Ⅱ-310,1,18,76,0
28030130,学在南大,1,,海外教育学院,"傅群舒,舒翼",鼓楼校区,费A-302,4,18,112,0
10084110,英语史,2,,外国语学院,赵鑫,仙林校区,仙Ⅰ-211,1,18,118,0
30000360,神经科学导论,2,,人工智能学院,张骑鹏,仙林校区,仙Ⅰ-115,1,18,68,0
1031890,四库提要导读,2,,文学院,赵庶洋,仙林校区,仙Ⅱ-407,1,18,33,0
27040020,金融计量学,3,,工程管理学院,方立兵,仙林校区,仙Ⅰ-204,1,18,75,0
38100050,大气成分观测技术,2,,南京赫尔辛基大气与地球系统科学学院,陈雪萌,苏州校区,南雍-西353,11,18,74,0
300020,跨学科视野下的博弈,3,,商学院,皮建才,仙林校区,仙Ⅰ-206,2,18,24,0
17010830,生态气象学,2,,大气科学学院,邱博,仙林校区,仙Ⅱ-114,1,18,63,0
11090420,模形式导引,3,,数学学院,郭学军,鼓楼校区,教108,1,18,77,0
14130090,生态系统生态学,2,,生命科学学院,周长芳,仙林校区,仙Ⅱ-211,4,18,63,0
10060130,西班牙历史与文化,1,,外国语学院,Arnau Prieto Martinez,仙林校区,仙Ⅰ-508,1,18,67,0
72010040,大模型系统与工程,3,,智能软件与工程学院,"王智彬,孟晴开",苏州校区,南雍-西311,1,18,21,0
13030090,先进高分子制造,2,,化学化工学院,"张秋红,陈葳,朱进",仙林校区,仙Ⅱ-116,1,18,34,0
61001580,数字人文创新思维与方法,2,,艺术学院,"邱伟云,陈静,陈刚",仙林校区,仙Ⅱ-216,2,18,112,0
22000020,离散数学,5,,计算机学院,姚远,仙林校区,仙Ⅰ-103,1,18,40,0
78006070,大学生职业探索与生涯发展,2,,就业指导中心,"罗洁,舒翼",鼓楼校区,新教-404,2,18,62,0
80030030,半导体材料学,3,,集成电路学院,李涛涛,苏州校区,苏教A209,1,18,24,0
27000080,系统工程导论,2,,工程管理学院,王博,仙林校区,仙Ⅱ-113,1,8,115,0
12040230,计算方法及Matlab实现,3,,物理学院,刘晓宙,仙林校区,仙Ⅱ-101,1,18,120,0
8020010,社会政策概论,3,,社会学院,雷杰,仙林校区,仙Ⅰ-315,1,18,126,0
2100150,中国史学史,3,,历史学院,武黎嵩,仙林校区,仙Ⅱ-103,1,18,68,0
10050180,德语基础写作,1,,外国语学院,常晅,仙林校区,仙Ⅰ-508,1,18,127,0
14100870,群落生态学,2,,生命科学学院,MILTON BRIAN TRAW,仙林校区,仙Ⅱ-217,1,18,126,0
16060010,海洋科学导论,2,,地理与海洋科学学院,"于谦,高抒",仙林校区,仙Ⅰ-101,1,18,113,0
7020200,保密技术概论,2,,信息管理学院,卢明欣,仙林校区,仙Ⅱ-301,1,18,115,0
14120030,基因工程,2,,生命科学学院,殷武,仙林校区,仙Ⅱ-112,4,18,128,0
90213102,数据科学基础,3,,智能软件与工程学院,刘明谋,苏州校区,苏教D202,1,18,38,0
14100990,解析脑的感觉运动系统：解剖、生理与前沿技术,1,,生命科学学院,"朱景宁,Vincenzo Romano,Xiaolu Wang",仙林校区,生科A101-A,12,14,76,0
90313203,计算机组成原理,3,,集成电路学院,彭成磊,苏州校区,苏教D202,1,18,28,0
61000810,创新产品、创业团队与精益创业,1,,创新创业课程,"王益忠,周俊",仙林校区,仙Ⅰ-111,2,9,34,0
61001460,基于无人机行业应用的开发学习（上）,2,,电子科学与工程学院,葛中芹,仙林校区,基础实验楼丙415,2,18,63,0
9010360,区域经济学,2,,商学院,"段巍,吴福象",仙林校区,逸B-211,1,18,60,0
6050340,比较政治经济学,2,,政府管理学院,"苗红娜,蒋光明",仙林校区,仙Ⅰ-409,1,18,130,0
201860,汉字研究的创新与实践,2,,海外教育学院,周同科,鼓楼校区,新教-101,6,17,39,0
30000120,最优化方法导论,2,,人工智能学院,张利军,仙林校区,逸A-117,1,18,77,0
4010540,西方伦理思想史,2,,哲学学院,张晓东,仙林校区,仙Ⅱ-111,1,18,76,0
201100,法眼看世界,2,,法学院,李友根,鼓楼校区,新教-404,4,15,71,0
19003700,机器学习赋能的量子物态调控,2,,现代工程与应用科学学院,袁洪涛,仙林校区,现代工程与应用科学学院X201教室,1,18,129,0
202360,免疫与疾病,2,,医学院,沈苏南,鼓楼校区,新教-204,8,15,64,0
5000770,数智传播导论,2,,新闻传播学院,王成军,仙林校区,基础实验楼乙109,1,18,69,0
10080020,英美戏剧欣赏与实践,2,,外国语学院,吴一坤,鼓楼校区,新教-501,4,18,79,0
302800,人工智能驱动编程,1,,软件学院,刘钦,苏州校区,南雍-西217,6,13,111,0
302790,人工智能伦理与治理,1,,信息管理学院,"叶继元,陈铭,王鹏涛",仙林校区,仙Ⅰ-114,7,13,111,0
9010850,诺贝尔经济学名著选读与中国经济分析,2,,商学院,郑江淮,仙林校区,逸B-201,1,18,118,0
19002550,非线性光学,2,,现代工程与应用科学学院,张学进,仙林校区,仙Ⅱ-422,1,18,35,0
78005690,红木雕刻技艺设计与文化,1,,*技术科学试验班,钟锦德,苏州校区,南雍-西116,10,17,78,0
22011110,软件质量保障,3,,计算机学院,"聂长海,吴化尧",仙林校区,仙Ⅰ-104,1,18,33,0
20130540,环境过程与模拟,4,,环境学院,"王勤耕,钱新",仙林校区,环科楼B-107,1,18,121,0
19001410,材料物理实验,2,,现代工程与应用科学学院,卢明辉,仙林校区,现代工程与应用科学学院D202，D217,1,18,79,0
19003290,激光原理与技术,2,,现代工程与应用科学学院,胡小鹏,仙林校区,逸B-205,4,18,40,0
18001600,微电子专业导学,1,,电子科学与工程学院,"黎松林,林军,陈敦军,汤琨",鼓楼校区,费A-318,5,12,67,0
20030200,生态工程,2,,环境学院,余倩,仙林校区,环科楼B-107,1,18,113,0
15030170,Matlab地学应用,2,,地球科学与工程学院,刘春,仙林校区,逸B-210,2,18,121,0
27050170,复变函数,3,,工程管理学院,肖条军,仙林校区,仙Ⅰ-113,1,18,31,0
14010050,细胞生物学,2,,生命科学学院,"华子春,张晶",仙林校区,仙Ⅱ-103,1,18,123,0
7000610,IT项目管理,2,,信息管理学院,赵月华,仙林校区,仙Ⅱ-109,1,18,71,0
19003750,硼中子俘获及人工智能在肿瘤治疗的应用,2,,现代工程与应用科学学院,储中明,仙林校区,仙Ⅱ-102,1,18,68,0
78006630,大学法语进阶,2,,*技术科学试验班,陆一歌,苏州校区,南雍-东121,2,18,33,0
372410,情感与公共生活,2,,新闻传播学院,袁光锋,苏州校区,南雍-西122,10,18,110,0
10070280,朝鲜（韩国）文学史（二）,2,,外国语学院,徐黎明,仙林校区,仙Ⅱ-116,1,18,70,0
27030010,工程经济学,2,,工程管理学院,程书萍,仙林校区,仙Ⅰ-317,1,18,112,0
24000070,数学物理方法,4,,匡亚明学院,吴盛俊,仙林校区,仙Ⅰ-102,1,18,118,0
90111202,概率论与数理统计,4,,智能科学与技术学院,"张绍群,徐科",苏州校区,苏教A207,1,18,79,0
5020750,数智化市场分析,2,,新闻传播学院,尚可可,苏州校区,南雍-西115,1,18,118,0
20030680,生态环境标准化应用与案例解析,2,,环境学院,"吴兵,许柯",仙林校区,仙Ⅱ-306,4,18,114,0
2110800,基督教在华传播史,2,,历史学院,谭树林,仙林校区,仙Ⅰ-318,1,18,25,0
8010120,农村社会学,3,,社会学院,"杨渝东,左雯敏",仙林校区,仙Ⅱ-307,1,18,74,0
8030040,心理测量,3,,社会学院,李中权,仙林校区,仙Ⅰ-315,1,18,70,0
9000630,电子商务,3,,商学院,宋培建,仙林校区,逸C-115,1,18,24,0
200530,走进光电世界,2,,现代工程与应用科学学院,"张旭苹,王顺",鼓楼校区,协鑫楼516,6,13,69,0
9010270,投资项目评估,2,,商学院,陈宝敏,仙林校区,逸B-208,1,18,117,0
9020030,国际结算,2,,商学院,韩剑,仙林校区,逸B-302,1,18,31,0
32010120,中国外交概论,2,,国际关系学院,赵光锐,仙林校区,仙Ⅰ-502,1,18,116,0
61001920,生命科技的前沿探索和产业创新,2,,生命科学学院,"张辰宇,周方,李靓",仙林校区,生命科学学院A101-A,4,18,130,0
90213401,人工智能伦理,2,,智能软件与工程学院,吉炜,苏州校区,南雍-西209,8,18,27,0
9000750,管理学,2,,商学院,李嘉,鼓楼校区,教103,4,18,21,0
10081980,翻译实例赏析,2,,外国语学院,郭启新,仙林校区,仙Ⅰ-409,1,18,70,0
10083290,德语文学史专题（一）,2,,外国语学院,陈民,仙林校区,仙Ⅰ-408,1,18,36,0
38100020,地表环境学,2,,南京赫尔辛基大气与地球系统科学学院,王文杰,苏州校区,南雍-东218,1,18,65,0
18010430,接口技术,2,,电子科学与工程学院,司峻峰,仙林校区,仙Ⅱ-303,1,18,120,0
9060270,投资银行学,3,,商学院,王长江,仙林校区,逸C-115,1,18,61,0
12040320,超声信号检测与处理,2,,物理学院,徐晓东,鼓楼校区,教104,1,18,20,0
27000313,交互式项目经济评估,1,,工程管理学院,程书萍,仙林校区,仙Ⅰ-114,8,15,115,0
3001770,外国法制史,2,,法学院,"邹立君,单锋",仙林校区,仙Ⅱ-503,1,18,71,0
10010160,英国社会与文化,2,,外国语学院,"徐蕾,杨金才",仙林校区,仙Ⅰ-507,1,18,73,0
76070030,艺术智能,1,,智能科学与技术学院,霍静,苏州校区,苏教A207,6,13,25,0
27000170,人工智能,3,,工程管理学院,张思奇,仙林校区,仙Ⅰ-524,1,18,123,0
27030370,管理咨询,2,,工程管理学院,程书萍,鼓楼校区,馆1-407,4,18,27,0
1020010,戏剧影视艺术概论,3,,文学院,"罗慧林,陈思霖,孙书磊,陈恬,许莉莉,李兴阳,宫浩宇,吕效平,高子文,杨鹏鑫,洪宏,杨柳",鼓楼校区,新教-202,4,18,32,0
28020740,写作,2,,海外教育学院,WANG LI,仙林校区,逸B-211,1,18,116,0
15090120,地球物理信号与系统分析,2,,地球科学与工程学院,米宁,仙林校区,基础实验楼丙104,2,18,124,0
29010210,城市设计理论与方法,2,,建筑与城市规划学院,"唐莲,胡友培",鼓楼校区,馆1-103,1,18,63,0
9050380,投资学,2,,商学院,林树,仙林校区,逸C-114,1,18,35,0
9090140,组织与人力资源管理,2,,商学院,赵宜萱,仙林校区,逸B-306,1,18,111,0
25011490,编程语言设计和实现,2,,软件学院,冯新宇,鼓楼校区,费A-318,1,18,77,0
5000090,媒介通论,2,,新闻传播学院,胡翼青,鼓楼校区,新教-107,4,18,69,0
9020390,市场营销,2,,商学院,冯帆,仙林校区,逸B-111,1,18,35,0
14010032,生物化学,4,,生命科学学院,卢彦,仙林校区,仙Ⅱ-213,1,18,22,0
202030,大气雾霾污染与健康,2,,环境学院,高士祥,鼓楼校区,新教-302,7,18,30,0
2100120,外国历史文选,2,,历史学院,"闵凡祥,舒小昀",仙林校区,仙Ⅰ-101,1,18,28,0
12010430,物理基础（英文）,2,,物理学院,"许昌,Ryan Joseph Hogan",鼓楼校区,南教-102,3,18,74,0
78006380,高阶英语能力测试与提升,2,,大学外语部,宋玉龙,苏州校区,南雍-东114,2,18,79,0
22011440,分布式网络,2,,计算机学院,陈贵海,仙林校区,仙Ⅰ-104,1,18,24,0
18060310,半导体物理与器件,4,,电子科学与工程学院,"叶建东,刘斌",仙林校区,仙Ⅱ-410,2,18,70,0
32010240,国际政治经济学,2,,国际关系学院,舒建中,仙林校区,仙Ⅰ-113,1,18,113,0
19003780,能量转换与存储原理,2,,现代工程与应用科学学院,朱斌,仙林校区,仙Ⅱ-301,1,18,64,0
90412303,数字产业经济学,3,,数字经济与管理学院,宋婕,苏州校区,南雍-西447,1,18,21,0
78003950,PYTHON数据智能实现,2,,大学计算机基础教学部,张莉,仙林校区,仙Ⅱ-115,2,18,68,0
78006230,光学显微成像基础,2,,医学院,周游,仙林校区,仙Ⅱ-115,2,12,21,0
78005660,现当代东亚艺术与视觉文化,2,,艺术学院,李赵雪,鼓楼校区,教103,2,18,79,0
201010,更丰盛的生命,2,,医学院,魏继武,鼓楼校区,新教-408,6,13,120,0
200440,信息化时代的控制,2,,工程管理学院,周献中,鼓楼校区,新教-201,6,17,20,0
79010010,管理学原理,3,,数字经济与管理学院,宫建霞,苏州校区,南雍-东218,1,18,29,0
8010150,家庭社会学,2,,社会学院,朱安新,仙林校区,仙Ⅱ-307,1,18,75,0
90213307,人机交互系统,3,,智能软件与工程学院,冯桂焕,苏州校区,苏教D202,1,18,74,0
11090480,复动力系统,3,,数学学院,张高飞,鼓楼校区,教205,1,18,116,0
20030720,科技论文阅读与写作,2,,环境学院,"赵丽娟,张淑娟",仙林校区,环科楼B-105,1,18,118,0
27030500,质量与可靠性工程,2,,工程管理学院,陶莎,仙林校区,仙Ⅰ-113,1,18,116,0
28011020,社会调查的理论与实践,2,,海外教育学院,徐昌火,鼓楼校区,馆1-402,1,18,25,0
200320,数论探究,2,,数学学院,秦厚荣,鼓楼校区,数学学院 西大楼308教室,8,15,72,0
341640,智创无穹：天文立方星载荷研究与开发,1,,创新创业课程,"徐尉宗,张彬彬",仙林校区,天文与空间科学学院524室,10,15,73,0
29010610,建设工程项目管理,2,,建筑与城市规划学院,谢明瑞,鼓楼校区,费A-201,1,18,65,0
9000720,微观经济学,2,,商学院,安礼伟,鼓楼校区,教113,4,18,129,0
40460,武术1,0.75,,体育部,熊轩,苏州校区,苏州西校区体育中心武术房2,1,18,114,0
5010630,跨文化传播,2,,新闻传播学院,夏文蓉,仙林校区,仙Ⅰ-515,1,18,65,0
303030,微笑科学：口腔健康与生活美学,2,,医学院,王磊,鼓楼校区,口腔医院,4,17,119,0
399790,“科学之光”（青年学者系列）——从基因到药物：探索核酸与纳米技术交叉的生命工程之路,1,,医学院,薛璐璐,鼓楼校区,新教-303,4,11,25,0
14100930,认知神经科学,2,,生命科学学院,陶云龙,仙林校区,仙Ⅱ-116,1,18,79,0
19003420,仪器分析,3,,现代工程与应用科学学院,丁煜,仙林校区,仙Ⅱ-114,1,18,77,0
3000360,竞争法,2,,法学院,"叶周侠,方小敏",仙林校区,仙Ⅰ-113,1,18,33,0
90113402,智能语音技术,2,,智能科学与技术学院,王帅,苏州校区,南雍-西209,1,18,35,0
201250,社会风险与公共危机管理,2,,政府管理学院,"林雪,张海波,朱永健,蒋新宇,彭彬彬,彭毅",鼓楼校区,新教-201,6,18,40,0
5001000,传播学概论,2,,新闻传播学院,刘于思,仙林校区,仙Ⅱ-105,1,18,33,0
90312202,半导体物理学,4,,集成电路学院,"刘斌,庄喆",苏州校区,苏教D202,1,18,26,0
543080,国家认同的知与行,2,,公共课程,王海洲,仙林校区,逸B-111,4,12,38,0
302500,中国艺术史,2,,艺术学院,"徐志君,童强",苏州校区,南雍-西115,2,18,36,0
202060,不确定世界中的决策行为,2,,工程管理学院,"周晶,李娟",鼓楼校区,新教-302,7,14,24,0
3001740,商法学（总论）,2,,法学院,"范健,王建文",仙林校区,仙Ⅰ-207,1,18,27,0
43000310,专业英语,2,,马克思主义学院,孔智键,仙林校区,圣达楼112室,1,18,68,0
38080030,数据结构与算法分析,3,,南京赫尔辛基大气与地球系统科学学院,"张仕鹏,陈雪萌",苏州校区,南雍-西511,7,18,122,0
18000510,信号与系统,3,,电子科学与工程学院,孙国柱,仙林校区,仙Ⅱ-404,1,18,65,0
4011410,中国传统宗教文化与当代社会,2,,哲学学院,邵佳德,仙林校区,仙Ⅰ-323,1,18,129,0
12010390,量子物理与人工智能,1,,物理学院,"许昌,梁世军,李文飞,孙建,吴盛俊",仙林校区,仙Ⅰ-216,6,11,80,0
13030060,分离科学,2,,化学化工学院,余晓冬,仙林校区,仙Ⅱ-422,1,18,75,0
202180,“声”入人心：英语语音、信息与有效的国际间交际,2,,大学外语部,陈桦,鼓楼校区,新教-408,4,15,66,0
22010020,数据结构,4,,计算机学院,许蕾,仙林校区,仙Ⅰ-201,1,18,122,0
22010540,计算机数学建模,2,,计算机学院,周毓明,仙林校区,仙Ⅱ-207,1,18,80,0
14100040,植物生物学,2,,生命科学学院,"李朋富,周飞,田兴军",仙林校区,仙Ⅱ-307,1,18,73,0
27010090,公司金融学,3,,工程管理学院,陈莹,仙林校区,仙Ⅰ-201,1,18,117,0
13010260,化学实验基础,2,,化学化工学院,"芦昌盛,姚开安,王凤彬,王庆,汪蓉",鼓楼校区,老化学楼201、209、211、212、216、301、306、308、309、311、312、316,4,18,32,0
90213409,DevOps,3,,智能软件与工程学院,"李杉杉,刘博涵",苏州校区,南雍-西105,2,18,76,0
3001620,法理学导论,2,,法学院,蔡琳,鼓楼校区,教120,4,18,70,0
372500,看见马克思,2,,哲学学院,周嘉昕,仙林校区,仙Ⅰ-320,2,18,120,0
17010920,气候物理学,3,,大气科学学院,葛骏,仙林校区,仙Ⅱ-110,3,14,75,0
27040300,财务会计与管理决策,3,,工程管理学院,王国俊,仙林校区,仙Ⅱ-406,1,18,111,0
12010270,群论及其应用,4,,物理学院,"邵陆兵,卢毅",鼓楼校区,费A-310,4,18,125,0
21010670,恒星结构与演化,4,,天文与空间科学学院,罗新炼,仙林校区,仙Ⅱ-105,3,18,29,0
78005290,宝玉石鉴赏,2,,地球科学与工程学院,车旭东,仙林校区,仙Ⅰ-324,2,18,35,0
29021170,自然资源保护与利用,2,,建筑与城市规划学院,刘晓曼,仙林校区,仙Ⅱ-310,1,18,80,0
61000370,创业管理与行为博弈,1,,商学院,李虎,仙林校区,仙Ⅰ-112,3,10,36,0
9060550,金融实证研究方法,2,,商学院,吴见彬,仙林校区,逸B-209,1,18,73,0
4011160,后现代主义语境下的中国哲学,3,,哲学学院,沈文华,仙林校区,哲学学院104室,1,18,29,0
371880,昆曲艺术与民族文化,3,,文学院,"许莉莉,朱光磊",苏州校区,南雍-东122,2,18,129,0
302980,前沿人工智能产业的知识产权管理与法律风险治理,2,,法学院,肖艺能,苏州校区,南雍-西122,2,18,115,0
42130,砂板乒乓球,0.75,,体育部,冯晓雨,鼓楼校区,吕志和四楼,4,18,76,0
19003540,仿生光学及器件,2,,现代工程与应用科学学院,王瑜,仙林校区,仙Ⅱ-117,1,18,26,0
90313101,电子科技与工程的思想和方法,2,,集成电路学院,"刘鹏,周余,于耀,王元庆",鼓楼校区,新教-207,4,18,112,0
10083330,中国文化德译实践与研究（一）,2,,外国语学院,钦文,仙林校区,仙Ⅰ-408,1,18,63,0
13020060,有机化学,3,,化学化工学院,"朱从青,程旭",仙林校区,仙Ⅱ-307,1,18,119,0
28030010,高级汉语（上）,6,,海外教育学院,丁芳芳,鼓楼校区,馆1-303,4,18,124,0
302860,中华民族共同体概论,2,,历史学院,"特木勒,孙鹏浩,杨晓春,华涛,于磊,陈波,刘迎胜,孙扬",仙林校区,逸A-322,4,18,73,0
10083450,西班牙语泛读（一）,2,,外国语学院,谭薇,仙林校区,仙Ⅰ-513,1,18,34,0
5020020,全球广告通史,2,,新闻传播学院,孙文峥,仙林校区,仙Ⅱ-115,1,18,119,0
78004120,生物组学与人类疾病,2,,医学院,"赵越,方雷",仙林校区,仙Ⅱ-315,2,18,123,0
9060310,风险管理与保险,3,,商学院,袁成,仙林校区,逸B-312,1,18,20,0
2111330,大学生生涯发展与规划,2,,历史学院,"任玲玲,田捷",仙林校区,仙Ⅰ-502,1,18,79,0
6010500,中华人民共和国史,2,,政府管理学院,赖静萍,仙林校区,仙Ⅰ-318,1,18,25,0
13030950,合成化学概要,2,,化学化工学院,"陆红健,周述鹏",仙林校区,仙Ⅱ-305,4,18,64,0
20120380,环境流行病学,2,,环境学院,钟寰,仙林校区,环科楼B-112,1,18,37,0
372490,让机器看见（视觉的奇境）,2,,电子科学与工程学院,闫锋,仙林校区,仙Ⅰ-206,2,18,37,0
16040830,GIS设计,2,,地理与海洋科学学院,"李满春,陈振杰,周琛",仙林校区,逸B-301,1,9,78,0
10083430,西班牙语国家文学主题研究,2,,外国语学院,莫娅妮,仙林校区,仙Ⅰ-316,1,18,76,0
372170,戏剧人文,2,,艺术学院,"祁林,胡之月",鼓楼校区,教120,7,18,129,0
14120050,分子免疫学,2,,生命科学学院,"沈萍萍,杨南飞",仙林校区,仙Ⅱ-110,4,18,120,0
8010210,文化社会学,2,,社会学院,郑震,仙林校区,仙Ⅱ-307,1,18,127,0
6040620,数字社会治理,2,,政府管理学院,张扬,仙林校区,仙Ⅰ-323,1,18,24,0
11010040,拓扑学,3,,数学学院,窦斗,仙林校区,仙Ⅱ-306,1,18,23,0
20110180,Soil and Water Interface Chemistry,2,,环境学院,"谷成,瞿晓磊",仙林校区,环科楼B-105,1,18,78,0
12001290,走进物理大世界,1,,物理学院,孙亮,鼓楼校区,馆1-307,4,11,129,0
19003150,普通物理（热学）,2,,现代工程与应用科学学院,唐少春,鼓楼校区,教104,4,18,79,0
7000010,信息资源管理导论,2,,信息管理学院,"裴雷,孙建军",鼓楼校区,费A-310,4,18,25,0
30000140,数据库概论,2,,人工智能学院,柏文阳,仙林校区,仙Ⅰ-216,1,18,128,0
372050,华五共享课：《新教伦理与资本主义精神》及其当代意义,2,,哲学学院,黄玮杰,仙林校区,仙Ⅰ-322,2,18,72,0
16070050,转型中的城乡新空间与中国人文发展,1,,地理与海洋科学学院,"毛熙彦,王成龙,古恒宇,居阳,钟太洋,汪侠,张建新,黄贤金",鼓楼校区,教208,4,11,24,0
4011100,后马克思主义导论,2,,哲学学院,蓝江,仙林校区,仙Ⅰ-322,1,18,70,0
90212302,需求与商业模式创新,3,,智能软件与工程学院,"匡宏宇,周鑫",苏州校区,苏教C201,1,18,112,0
10020170,俄语实践语法（二）,1,,外国语学院,赵杨,仙林校区,仙Ⅰ-509,1,18,62,0
18001620,通信专业导学,1,,电子科学与工程学院,"王少尉,马展,柏业超,赵康僆,周海波,曹汛,谢臻达",鼓楼校区,馆1-105,7,14,40,0
202220,自然科学进展与医学,2,,医学院,"李尔广,贾蓓,夏欣一,陈雨欣,吴喜林",鼓楼校区,新教-401,4,11,24,0
6040500,行政学前沿（双语）,2,,政府管理学院,范春辉,仙林校区,仙Ⅰ-509,1,18,128,0
78005600,肥胖与健康,2,,医学院,陈俏利,仙林校区,仙Ⅰ-114,6,16,125,0
372420,地球，海洋和生命,2,,地理与海洋科学学院,刘绍文,仙林校区,仙Ⅱ-319,2,18,21,0
14140020,分子生物学,2,,生命科学学院,陈炜,仙林校区,仙Ⅱ-319,1,18,72,0
27040160,期权交易理论与实务,2,,工程管理学院,杨学伟,鼓楼校区,馆1-407,4,18,31,0
202460,神奇的胚胎发育,2,,医学院,"CHEN JIONG,杨中州",鼓楼校区,新教-301,6,17,125,0
14100210,分子遗传与进化,2,,生命科学学院,"张小辉,王龙",仙林校区,仙Ⅱ-110,4,18,114,0
17010730,常微分方程,2,,大气科学学院,吕迎辉,仙林校区,仙Ⅱ-422,1,18,80,0
6000640,政府管理导论,2,,政府管理学院,"严新明,李里峰,张扬,张海波,李鹏,祁玲玲,霍萱,谭笑,高传胜,杨黎婧,张乾友,陈肖生,王海洲",鼓楼校区,新教-207,4,18,129,0
10083920,翻译理论与实践（汉译法）,1,,外国语学院,曹丹红,仙林校区,仙Ⅰ-116,1,18,75,0
10083310,德汉翻译理论与实践（一）,2,,外国语学院,常晅,仙林校区,仙Ⅰ-508,1,18,117,0
20010320,环境科学与工程导学,2,,环境学院,"袁增伟,陈张浩,范颖正,袁青彬,方文,林原,余倩,张延扬,张磊,李文涛,赵瑜,罗军,刘蓓蓓",鼓楼校区,教104,4,18,23,0
14110030,英文学术演讲与写作,2,,生命科学学院,张玉婧,仙林校区,仙Ⅱ-216,1,18,72,0
10060230,西班牙语报刊阅读（一）,1,,外国语学院,裴枫,仙林校区,仙Ⅰ-513,1,18,115,0
12000350,数字电路,3,,物理学院,徐晓东,仙林校区,仙Ⅱ-113,1,18,72,0
10082650,俄语口语交际（一）,2,,外国语学院,Aigul Salakhova,仙林校区,仙Ⅰ-503,1,18,30,0
20120130,环境微生物学实验,2,,环境学院,肖琳,仙林校区,环A-202、204、210,2,18,34,0
61001160,智能硬件认识与DIY,2,,电子科学与工程学院,"张志俭,詹洪陈",仙林校区,基础实验楼丙405,2,18,129,0
202710,生殖健康与卫生面临的挑战,2,,医学院,"戴玉田,赵晓智,杨海龙",鼓楼校区,新教-405,7,18,128,0
5020520,艺术概论,2,,新闻传播学院,张静,仙林校区,仙Ⅱ-422,1,18,79,0
78006490,生命健康的守卫者：探秘人体免疫系统,2,,医学院,"陈雨欣,刘畅,李文东,李淼,田新宇,夏艳艳,莫然,谢晖,耿林玉",仙林校区,仙Ⅰ-109,2,18,112,0
6000000,当代中国政府与政治,2,,政府管理学院,郭忠华,仙林校区,仙Ⅱ-310,1,18,71,0
300040,香港：历史与现在,2,,历史学院,孙扬,仙林校区,仙Ⅱ-105,2,18,71,0
78005350,生态系统服务评估概论,2,,地理与海洋科学学院,倪天华,苏州校区,南雍-西122,2,18,38,0
21010620,星系宇宙学导论,4,,天文与空间科学学院,"顾秋生,王涛",仙林校区,仙Ⅰ-203,3,18,67,0
38040020,环境科学概论,2,,南京赫尔辛基大气与地球系统科学学院,"董新奕,郑昊天",苏州校区,南雍-西116,1,18,25,0
78006500,营养策略应对健康挑战,2,,医学院,陈晓甜,仙林校区,仙Ⅱ-115,2,18,129,0
12010340,光学原理,4,,物理学院,王晓勇,鼓楼校区,南教-202,4,18,123,0
32010110,国际关系理论,2,,国际关系学院,刘慧,仙林校区,仙Ⅰ-505,1,18,124,0
202580,走进口腔：健康之美,2,,医学院,秦海燕,鼓楼校区,新教-404,7,18,25,0
5030090,影视节目策划,2,,新闻传播学院,张红军,仙林校区,逸B-506（翻转）,1,18,65,0
12000110,量子力学,4,,物理学院,沈瑞,仙林校区,仙Ⅰ-213,1,18,36,0
61001280,非物质文化遗产的创意与实践,2,,创新创业课程,王建霞,鼓楼校区,新教-405,2,6,39,0
6020080,统计学,3,,政府管理学院,范克新,仙林校区,仙Ⅰ-210,1,18,36,0
11090390,数据分析,3,,数学学院,赵进,仙林校区,仙Ⅱ-303,1,18,21,0
78006250,农业、环境与人类健康,2,,环境学院,马林,仙林校区,仙Ⅱ-112,2,10,23,0
18060100,电子电路基础,4,,电子科学与工程学院,郑江,仙林校区,仙Ⅰ-324,1,18,80,0
300160,生态农业与农村生态环境,2,,生命科学学院,周长芳,苏州校区,南雍-西122,2,8,61,0
90213304,自动化测试,3,,智能软件与工程学院,聂长海,苏州校区,苏教B207,1,18,112,0
79000010,统计学,3,,数字经济与管理学院,耿修林,苏州校区,南雍-西447,1,18,112,0
19003390,能源科学与工程概论,3,,现代工程与应用科学学院,何平,仙林校区,仙Ⅱ-511,1,18,25,0
14100690,有机化合物波谱分析,2,,生命科学学院,"朱海亮,李珍",仙林校区,仙Ⅱ-110,4,18,35,0
23030280,干细胞生物学,1,,医学院,"王婷婷,聂运中",鼓楼校区,新教-104,7,12,121,0
11000300,数值代数,4,,数学学院,张强,仙林校区,仙Ⅰ-322,1,18,34,0
3000290,家庭法与继承法,2,,法学院,张燕玲,仙林校区,仙Ⅰ-216,1,18,118,0
90111201,人工智能导论,3,,智能软件与工程学院,"赵阳明,赵放",苏州校区,苏教A209,1,18,130,0
10082550,英语时事听说与评析,2,,外国语学院,赵鑫,仙林校区,仙Ⅰ-510,1,18,68,0
9030370,创业学与创新管理,2,,商学院,宋哲,仙林校区,逸C-104,1,18,37,0
5000890,数字媒介经济,2,,新闻传播学院,朱江丽,仙林校区,仙Ⅱ-513,1,18,61,0
200600,城市化与地质环境,2,,地球科学与工程学院,"施斌,谭道远",鼓楼校区,新教-201,6,13,129,0
372190,工艺人文,2,,艺术学院,"徐志君,李赵雪,李牧,吴维忆",鼓楼校区,费A-202,5,18,37,0
18040110,通信原理,4,,电子科学与工程学院,"唐岚,阮雅端",仙林校区,仙Ⅱ-503,1,18,125,0
19003170,普通物理（电磁学）,2,,现代工程与应用科学学院,聂越峰,仙林校区,仙Ⅱ-404,1,18,61,0
201340,南京大学学术传统研究,2,,文学院,沈卫威,鼓楼校区,新教-401,7,14,78,0
21010270,高能宇宙探索,2,,天文与空间科学学院,纪丽,仙林校区,仙Ⅰ-102,1,18,21,0
10083850,日本语言学专题研讨,2,,外国语学院,庄倩,仙林校区,仙Ⅰ-111,1,18,125,0
42070,气排球初级1,0.75,,体育部,陈樨,仙林校区,四组团一楼,1,18,72,0
20000030,地球科学与资源环境,3,,地理与海洋科学学院,"陆现彩,姚永红,鹿化煜,崔昕毅",鼓楼校区,教101,4,18,66,0
7010010,图书馆学概论,2,,信息管理学院,陈雅,仙林校区,仙Ⅱ-217,1,18,124,0
10060250,西班牙语报刊阅读（三）,1,,外国语学院,Arnau Prieto Martinez,仙林校区,仙Ⅰ-512,1,18,116,0
10030260,日语学术写作与研究方法（一）,1,,外国语学院,王奕红,仙林校区,仙Ⅰ-112,1,8,116,0
11031010,随机过程,3,,数学学院,戴万阳,鼓楼校区,馆1-103,1,18,34,0
43000010,马克思主义理论导论,2,,马克思主义学院,季勇,鼓楼校区,新教-304,4,18,79,0
10082670,俄语口语交际（三）,2,,外国语学院,Aigul Salakhova,仙林校区,仙Ⅰ-504,1,18,114,0
19002790,生物医学成像原理及仪器,3,,现代工程与应用科学学院,邓正涛,仙林校区,仙Ⅱ-310,4,18,116,0
29030310,生成式人工智能辅助建筑生成设计,2,,建筑与城市规划学院,孟宪川,鼓楼校区,建良楼106,1,18,64,0
5010750,数字人类学,2,,新闻传播学院,孙信茹,仙林校区,仙Ⅱ-101,1,18,72,0
10082800,俄罗斯人文阅读与研讨（一）,2,,外国语学院,段丽君,仙林校区,仙Ⅰ-209,1,18,117,0
100,思想道德与法治,3,,马克思主义学院,暴庆刚,鼓楼校区,馆3-201,4,18,110,0
302920,中国思想史·先秦诸子,2,,历史学院,武黎嵩,仙林校区,仙Ⅱ-104,2,18,78,0
15000150,地球科学力学基础,4,,地球科学与工程学院,"张巍,蒋建国,谭道远,张云,许宝田,朱鸿鹄",仙林校区,仙Ⅰ-201,1,18,32,0
399180,“科学之光”——守护绿水青山,1,,公共课程,"张徐祥,陈良燕,张炜铭,史薇,张淑娟,高冠道,马艳,黄蕾",鼓楼校区,教101,8,15,38,0
5020760,广告学概论,2,,新闻传播学院,李明,仙林校区,仙Ⅱ-316,1,18,119,0
4011340,21世纪国外马克思主义哲学若干重大问题研究,3,,哲学学院,"黄玮杰,孙乐强,孔智键",仙林校区,哲学学院104室,4,18,114,0
10010270,英美散文选读（上）,4,,外国语学院,张瑛,鼓楼校区,新教-203,4,18,74,0
2210870,考古学理论与方法,3,,历史学院,"王晓琪,周言,吴桂兵",仙林校区,仙Ⅰ-318,4,18,77,0
78003790,西方艺术史,2,,艺术学院,周计武,仙林校区,仙Ⅰ-207,2,18,76,0
9010510,大数据经济学,3,,商学院,周耿,仙林校区,逸B-105,1,18,20,0
10084210,AI大语言模型基础与应用,2,,外国语学院,张微,仙林校区,仙Ⅰ-318,1,18,22,0
10081750,中德语言研究方法导论,2,,外国语学院,常玲玲,仙林校区,仙Ⅰ-408,1,18,61,0
5010650,新闻学原理,2,,新闻传播学院,骆正林,鼓楼校区,新教-103,4,18,24,0
13030560,生物有机分子化学进展评述,2,,化学化工学院,"姚祝军,张艳,王欢",仙林校区,仙Ⅱ-109,1,18,28,0
15040250,地下水数值模拟技术,2,,地球科学与工程学院,"祝晓彬,吴剑锋",仙林校区,逸C-209,1,18,112,0
9050480,医疗健康产业的商业模式创新与估值,2,,商学院,吕伟,仙林校区,逸C-114,1,18,28,0
43000230,中华人民共和国史,2,,马克思主义学院,黄骏,仙林校区,逸B-302,1,18,36,0
32010350,国际组织实务,2,,国际关系学院,"王之佳,宗华伟,刘志贤,薛玉雪",仙林校区,仙Ⅰ-113,7,10,23,0
90211201,计算机组织结构,3,,智能软件与工程学院,"殷亚凤,孟晴开",苏州校区,苏教A207,1,18,120,0
90311204,数字电路,3,,集成电路学院,朱马光,苏州校区,苏教B209,1,18,75,0
19003270,材料结构,2,,现代工程与应用科学学院,张善涛,仙林校区,仙Ⅰ-206,4,18,32,0
8010820,儒家社会思想研究导论,2,,社会学院,左雯敏,仙林校区,仙Ⅱ-110,1,18,123,0
61000510,花卉园艺产业化,2,,生命科学学院,"朱海亮,王保忠",苏州校区,南雍-东121,2,12,80,0
13030960,多组份高分子材料,2,,化学化工学院,蒋锡群,仙林校区,仙Ⅰ-107,4,18,121,0
11013070,微分拓扑,3,,数学学院,谭亮,鼓楼校区,馆1-103,1,18,79,0
61001070,现代建筑室内空气品质与创新净化技术,2,,建筑与城市规划学院,郜志,鼓楼校区,教108,2,18,64,0
202620,医学美学,2,,医学院,"包军,谭谦",鼓楼校区,新教-402,8,15,127,0
32010190,社会科学方法论,2,,国际关系学院,毛维准,仙林校区,仙Ⅰ-503,1,18,21,0
61100010,互联网商务模式及其构建,1,,信息管理学院,胡广伟,仙林校区,仙Ⅰ-315,2,9,126,0
3001750,国际经济法学（总论）,2,,法学院,彭岳,仙林校区,仙Ⅱ-403,1,18,129,0
7020500,信息系统开发方法和工具,3,,信息管理学院,王昊,仙林校区,仙Ⅱ-105,1,18,75,0
19003430,组织工程与生物材料,4,,现代工程与应用科学学院,"张晔,宋玉君",仙林校区,仙Ⅱ-101,1,18,32,0
10083830,日本近现代文学作品选读,2,,外国语学院,MANDA KEITA,仙林校区,仙Ⅰ-111,1,18,64,0
300070,积极心理与个人成长,2,,心理健康教育与研究中心,谈文娟,仙林校区,仙Ⅰ-212,2,18,21,0
2210110,隋唐考古,2,,历史学院,张学锋,仙林校区,仙Ⅰ-211,1,18,66,0
9010540,经济模型与软件应用,3,,商学院,朱明英,仙林校区,逸C-203,1,18,128,0
399090,“科学之光”——量子神奇,1,,公共课程,"陈增兵,温锦生,李建新,于扬,张海军,闻海虎,吴镝,张春峰",鼓楼校区,教121,8,15,72,0
9050360,内部控制与风险管理,1,,商学院,熊焰韧,仙林校区,逸C-114,1,9,78,0
90113301,数学建模,2,,智能科学与技术学院,张凯,苏州校区,苏教B207,1,18,128,0
29030010,建筑与规划理论（一）（模块）,4,,建筑与城市规划学院,"刘铨,赵潇欣,周凌,赵辰,冷天",鼓楼校区,馆1-103,1,18,34,0
201810,中外新闻名家选讲,2,,新闻传播学院,邓利平,鼓楼校区,新教-202,7,18,34,0
341650,智创无穹：云端AI之道与地学创新实践,1,,创新创业课程,"张巍,莫绍星,董少春,施小清",鼓楼校区,新教-408,7,14,71,0
399100,“科学之光”——数据的逻辑,1,,公共课程,"邓三鸿,胡广伟,李江,康乐乐,孙建军,朱庆华,裴雷",鼓楼校区,教201,8,15,40,0
8020060,社会工作行政,3,,社会学院,施旖旎,仙林校区,仙Ⅰ-210,1,18,122,0
14100700,细胞因子---应激和免疫,2,,生命科学学院,曾科,仙林校区,仙Ⅱ-117,4,18,25,0
91190010,真空工艺与实验技术,2,,现代工程与应用科学学院,韩民,仙林校区,基础实验楼丙109、111,1,18,30,0
10070220,朝鲜（韩国）语（三）,8,,外国语学院,"吴玉梅,CHOECHANGRUK",仙林校区,仙Ⅱ-419,1,18,65,0
23000340,生理学,2,,医学院,"杨中州,陈贵泉,秦进中,吴江,朱敏生",仙林校区,仙Ⅱ-304,1,18,26,0
399220,“科学之光”——探天索地观风云,1,,公共课程,"赵坤,黄浩,迟旭光,郭维栋,聂玮,邱博",鼓楼校区,教201,8,15,112,0
7040030,出版物发行与营销,2,,信息管理学院,王鹏涛,仙林校区,仙Ⅰ-215,1,18,70,0
38050040,气候学基础,2,,南京赫尔辛基大气与地球系统科学学院,孙德征,苏州校区,南雍-西353,1,18,128,0
61000750,商务礼仪与职业彩虹,1,,创新创业课程,高润,苏州校区,南雍-西217,6,11,125,0
9050400,高级财务会计,2,,商学院,"王跃堂,褚剑,王亮亮",仙林校区,逸C-209,1,18,78,0
10050120,德语语言基础（一）,8,,外国语学院,"李彬,江雪奇",鼓楼校区,教116,4,18,27,0
202740,问道地球,2,,地球科学与工程学院,"陈天宇,胡修棉",鼓楼校区,新教-203,10,17,80,0
13010200,化学生物学导论,2,,化学化工学院,"李金波,李劼",仙林校区,仙Ⅱ-115,1,18,118,0
23000220,中国特色社会主义理论与实践研究,2,,医学院,"刘冰菁,许良",鼓楼校区,教222,4,18,123,0
78005810,水质信息工程学,2,,环境学院,吴兵,仙林校区,仙Ⅰ-324,2,18,23,0
11010010,实变函数,4,,数学学院,石亚龙,仙林校区,仙Ⅱ-403,1,18,80,0
78005750,法国社会与文化,2,,*技术科学试验班,陆一歌,苏州校区,南雍-西108,2,18,111,0
23020340,局部解剖学,3,,医学院,"董平,周宇琨,张露青",仙林校区,基础医学教学中心109、118,1,18,122,0
21010100,数值计算方法,3,,天文与空间科学学院,黎健,仙林校区,仙Ⅰ-115,1,18,32,0
27030180,最优化理论与方法,2,,工程管理学院,徐薇,鼓楼校区,馆1-407,4,18,119,0
8030510,行为神经科学,3,,社会学院,MING LI,仙林校区,仙Ⅰ-209,1,18,33,0
2111420,人工智能与中国近代史研究,2,,历史学院,金伯文,仙林校区,仙Ⅰ-318,1,18,79,0
12040240,数字信号处理实验（DSP与嵌入式),3,,物理学院,陈锴,鼓楼校区,物理楼507,1,18,125,0
14100050,动物生物学,2,,生命科学学院,吴岷,仙林校区,仙Ⅱ-116,4,18,66,0
43000070,马克思主义与中国传统文化,2,,马克思主义学院,陈继红,仙林校区,逸B-210,1,18,71,0
78000470,网络新科学,2,,新闻传播学院,尚可可,苏州校区,南雍-西115,1,18,112,0
2200030,中国古代建筑史,2,,历史学院,"周学鹰,马晓",仙林校区,仙Ⅰ-113,1,18,120,0
5020800,受众分析,2,,新闻传播学院,夏文蓉,仙林校区,仙Ⅰ-214,1,18,79,0
8030210,心理咨询与治疗实务,3,,社会学院,"陈昌凯,徐花",仙林校区,仙Ⅰ-116,1,18,69,0
15000120,矿物物理与化学基础,2,,地球科学与工程学院,"蔡元峰,张爱铖",仙林校区,逸B-301,2,18,79,0
90113403,智能推理与规划,2,,智能科学与技术学院,刘佳恒,苏州校区,南雍-西426,1,18,76,0
77003260,文化创意案例实务,3,,新闻传播学院,"田波,周凯",仙林校区,仙Ⅰ-116,2,18,33,0
10060200,西班牙语高级视听（一）,1,,外国语学院,李静,仙林校区,仙Ⅰ-511,1,18,24,0
78006220,碳中和与全球变化,2,,环境学院,余倩,仙林校区,仙Ⅱ-105,2,18,71,0
399710,“科学之光”（青年学者系列）——多智能体学习前沿,1,,智能科学与技术学院,杨天培,苏州校区,南雍-东121,3,10,74,0
9010660,外国经济学说史,2,,商学院,"李晓蓉,葛扬",仙林校区,逸B-305,1,18,79,0
17010360,航空气象,1,,大气科学学院,彭珍,仙林校区,仙Ⅱ-113,1,9,30,0
24010050,大学生卓越团队与自我成长（G）,1,,匡亚明学院,"陈昌凯,徐花",鼓楼校区,新教-104,5,12,122,0
40130,传统导引术1,0.75,,体育部,陈刚,鼓楼校区,吕志和一楼,4,18,126,0
13030720,化学生物学,2,,化学化工学院,"郑鹏,范换换,叶德举",仙林校区,仙Ⅰ-320,4,18,21,0
90413301,中级宏观经济学,3,,数字经济与管理学院,李小明,苏州校区,南雍-东218,1,18,128,0
4010560,美学原理,2,,哲学学院,方蔚林,仙林校区,仙Ⅱ-114,1,18,122,0
38070060,生物地球化学循环,2,,南京赫尔辛基大气与地球系统科学学院,越思瑶,苏州校区,南雍-西353,1,18,66,0
29030250,城市计算,2,,建筑与城市规划学院,张姗琪,鼓楼校区,馆1-106,1,18,128,0
24020150,计算材料学,3,,匡亚明学院,陈爽,仙林校区,基础实验楼乙407,3,18,35,0
2110730,环境考古概论,2,,历史学院,马春梅,仙林校区,仙Ⅰ-504,1,18,79,0
11011060,复分析,3,,数学学院,杨飞,鼓楼校区,教108,1,18,21,0
11012000,代数学,3,,数学学院,黄兆泳,鼓楼校区,南教-201,1,18,77,0
32010070,海洋安全与海洋法,2,,国际关系学院,张诗奡,仙林校区,仙Ⅰ-503,1,18,39,0
10083220,德语中级视听说（一）,2,,外国语学院,江雪奇,仙林校区,仙Ⅰ-511,1,18,116,0
11030010,应用随机过程,4,,数学学院,代雄平,仙林校区,仙Ⅰ-207,1,18,112,0
27050310,机器学习,2,,工程管理学院,许鑫,鼓楼校区,费A-310,4,18,122,0
90212303,机器学习,3,,智能软件与工程学院,蒋智威,苏州校区,苏教B209,1,18,30,0
12000260,能源科学与工程概论,2,,物理学院,王冰,仙林校区,仙Ⅰ-114,1,18,80,0
78006280,中华上下五千年（一）,2,,海外教育学院,"杭蕾,盛林",鼓楼校区,馆1-102,4,18,79,0
8010660,中国社会学经典导读,2,,社会学院,沈毅,仙林校区,仙Ⅱ-109,1,18,124,0
300130,陨石世界,2,,地球科学与工程学院,张爱铖,仙林校区,仙Ⅱ-103,2,18,73,0
10080230,文学作品与电影改编,2,,外国语学院,张瑛,仙林校区,仙Ⅰ-509,1,18,69,0
78006530,亚洲艺术,2,,艺术学院,赵幸,鼓楼校区,新教-202,2,18,115,0
1030150,西方文论,2,,文学院,胡新宇,仙林校区,仙Ⅱ-407,1,18,61,0
7000340,保密管理概论,2,,信息管理学院,刘千里,仙林校区,仙Ⅱ-310,1,18,110,0
12000140,统计物理,4,,物理学院,"王伯根,王锐",仙林校区,仙Ⅱ-109,1,18,123,0
19003480,生物医学电子学,4,,现代工程与应用科学学院,"卞春华,魏辉",仙林校区,仙Ⅱ-102,1,18,64,0
9010940,经济学中的人工智能与数据科学,2,,商学院,曲兆鹏,仙林校区,逸C-203,1,18,60,0
29011670,可持续设计与技术,2,,建筑与城市规划学院,梁卫辉,鼓楼校区,馆1-302,1,18,34,0
1030030,《红楼梦》研究,2,,文学院,苗怀明,仙林校区,仙Ⅱ-216,1,18,116,0
2210840,文化遗产概论,2,,历史学院,赵星宇,仙林校区,仙Ⅱ-501,1,18,63,0
27000200,数据库原理与知识系统,3,,工程管理学院,李迁,仙林校区,仙Ⅰ-308,1,18,73,0
90311101,信息科学中的物理学（上）,3,,集成电路学院,张建,鼓楼校区,教102,4,18,120,0
14100660,分子病毒学概论,2,,生命科学学院,籍晓云,仙林校区,仙Ⅱ-117,4,18,22,0
4010040,伦理学,2,,哲学学院,赵华,仙林校区,仙Ⅱ-111,1,18,73,0
9050450,管理会计（双语）,2,,商学院,颜文佳,仙林校区,逸C-209,1,18,25,0
27000190,数据结构与算法设计,3,,工程管理学院,罗志兴,仙林校区,仙Ⅰ-322,1,18,69,0
19003240,二维材料与器件,2,,现代工程与应用科学学院,郝玉峰,仙林校区,仙Ⅱ-319,4,18,37,0
200870,20世纪中国重要文学现象研讨,2,,文学院,张光芒,鼓楼校区,新教-202,7,14,113,0
9000650,市场营销,3,,商学院,"韩顺平,王国才,黄韫慧,初星宇",仙林校区,逸B-305,1,18,77,0
12000020,力学,3,,物理学院,杨欢,鼓楼校区,教213,4,18,120,0
20030090,工程制图,2,,环境学院,刘波,仙林校区,环科楼B-106,1,18,63,0
6010470,政治科学研究方法Ⅱ（进阶）,2,,政府管理学院,王志浩,仙林校区,仙Ⅰ-510,1,18,40,0
7010260,目录学,3,,信息管理学院,孙红蕾,仙林校区,仙Ⅰ-215,1,18,35,0
29011550,建筑力学,2,,建筑与城市规划学院,董萼良,鼓楼校区,馆1-103,1,18,75,0
16020710,地理信息技术集成,2,,地理与海洋科学学院,肖鹏峰,仙林校区,仙Ⅰ-216,1,18,20,0
6040060,人力资源管理,3,,政府管理学院,吴少微,仙林校区,仙Ⅰ-322,1,18,78,0
7020430,运筹学,2,,信息管理学院,"张斌,陈烨",仙林校区,仙Ⅱ-117,1,18,62,0
12001260,理论力学,4,,物理学院,鞠国兴,仙林校区,仙Ⅱ-305,1,18,76,0
8020340,循证社会工作,2,,社会学院,李春凯,仙林校区,仙Ⅰ-209,1,18,34,0
10030180,日语阅读,2,,外国语学院,王奕红,仙林校区,仙Ⅰ-112,1,18,119,0
10020140,综合俄语基础（三）,6,,外国语学院,孙飞燕,仙林校区,仙Ⅰ-514,1,18,70,0
6040310,比较政府体制,2,,政府管理学院,笪素林,仙林校区,仙Ⅰ-323,1,18,61,0
12020210,晶体物理性能,3,,物理学院,"吕笑梅,应学农",鼓楼校区,馆1-103,4,18,63,0
22011460,金融大数据处理技术,4,,计算机学院,"顾荣,余萍",仙林校区,仙Ⅱ-505,1,18,32,0
8010050,初级社会统计学,3,,社会学院,"柴向南,徐愫",仙林校区,仙Ⅱ-103,1,18,78,0
14110100,植物生理学,2,,生命科学学院,戚金亮,仙林校区,仙Ⅱ-113,1,18,69,0
17010290,高级语言程序设计,2,,大气科学学院,王学远,仙林校区,仙Ⅱ-501,1,18,26,0
17010300,计算方法,2,,大气科学学院,"张耀存,黄樱",仙林校区,基础实验楼（预报台）丙506,1,18,117,0
14010021,生物统计学,3,,生命科学学院,"牛克昌,滕漱清",仙林校区,基础实验楼乙117,1,18,26,0
1032300,古文字研究（中级）,4,,文学院,"魏宜辉,聂菲,程少轩",仙林校区,文学院433室,1,18,65,0
21000050,实测天体物理,4,,天文与空间科学学院,"张曾华,邱科平",仙林校区,仙Ⅰ-321,1,18,70,0
10020260,俄罗斯概况,1,,外国语学院,孙飞燕,鼓楼校区,教106,4,18,124,0
23000430,细胞生物学,2,,医学院,"赵越,洪浩,蒋爱芹,方雷",仙林校区,仙Ⅱ-405,1,18,120,0
9020370,国际贸易实务,2,,商学院,黄繁华,仙林校区,逸B-301,1,18,62,0
30000330,编译原理,2,,人工智能学院,戴新宇,仙林校区,仙Ⅱ-314,1,18,127,0
3000510,犯罪学,2,,法学院,"刘柳,何成宸",仙林校区,仙Ⅰ-114,1,18,61,0
38030010,大学化学,3,,南京赫尔辛基大气与地球系统科学学院,"肖守军,谢然,袁帅",鼓楼校区,费A-302,4,18,128,0
13030770,高分子超分子化学,2,,化学化工学院,"朱进,马天琼",仙林校区,仙Ⅱ-109,4,18,114,0
29021230,An introduction to international planning studies,1,,建筑与城市规划学院,David Paul Shaw,鼓楼校区,费A-310,1,9,123,0
14100780,进化生态学,2,,生命科学学院,MILTON BRIAN TRAW,仙林校区,仙Ⅱ-112,4,18,118,0
11011000,分析学,3,,数学学院,孙永忠,鼓楼校区,南教-201,1,18,79,0
15020270,矿床地球化学,2,,地球科学与工程学院,"曹康,李伟强",仙林校区,逸C-204,4,18,76,0
90311203,信号与系统,3,,集成电路学院,柏业超,苏州校区,苏教B207,1,18,25,0
20120440,环境生物组学,2,,环境学院,"吴兵,谢永超",仙林校区,环科楼B-105,1,18,124,0
61001370,中国语言资源调研与创新性应用,2,,文学院,"刘彦哲,顾黔",仙林校区,仙Ⅰ-306,2,9,119,0
1032420,中国古代文体学,2,,文学院,时鹏飞,仙林校区,仙Ⅱ-407,1,18,70,0
8030020,发展心理学,3,,社会学院,李文岐,仙林校区,仙Ⅱ-521,1,18,129,0
9090240,数智时代的团队管理,2,,商学院,邹一诺,仙林校区,逸B-202,1,18,80,0
7030230,档案学研究方法,2,,信息管理学院,陈烨,仙林校区,仙Ⅰ-215,1,18,35,0
202370,金融、金融监管与企业成长,2,,商学院,王长江,鼓楼校区,新教-301,7,18,60,0
3000380,国际商法,2,,法学院,何鹰,仙林校区,仙Ⅱ-212,1,18,72,0
6000670,国家治理实践前沿,2,,政府管理学院,"严新明,蒋光明,刘若玄,于君博,于京东,陈玮,鲍晓鸣",鼓楼校区,费A-206,4,18,68,0
78006040,影像中的教育学,2,,教育研究院,刘霄,仙林校区,仙Ⅱ-115,2,18,110,0
14120110,药事法规,2,,生命科学学院,"潘颖,孔令东",仙林校区,仙Ⅱ-216,1,18,118,0
28020960,汉字与汉字教学,2,,海外教育学院,殷晓明,仙林校区,逸C-210,1,18,73,0
78005320,大学德语 I,2,,外国语学院,常晅,仙林校区,仙Ⅱ-105,2,18,67,0
43000160,马克思主义前沿热点问题,2,,马克思主义学院,"黄玮杰,赵立",仙林校区,仙Ⅱ-319（合班）,1,18,77,0
90113302,数据挖掘,2,,智能科学与技术学院,袁晓彤,苏州校区,苏教B209,1,18,112,0
16030260,经济地理学,2,,地理与海洋科学学院,章锦河,仙林校区,仙Ⅰ-102,1,18,119,0
30000080,程序设计基础,5,,人工智能学院,"尹存燕,陈家骏",鼓楼校区,教222,4,18,38,0
22011250,人机接口技术,2,,计算机学院,王崇骏,仙林校区,仙Ⅰ-317,1,18,63,0
10083030,法语学术写作,1,,外国语学院,NICOLAS MONBERTRAND,仙林校区,仙Ⅰ-507,1,18,74,0
7010230,公共文化服务概论,2,,信息管理学院,孙红蕾,仙林校区,仙Ⅱ-422,1,18,117,0
9060530,货币金融学,3,,商学院,吴见彬,仙林校区,逸C-115,1,18,116,0
372110,心理学与生活,2,,心理健康教育与研究中心,"陈昌凯,郭芮君",苏州校区,南雍-西353,2,18,128,0
303050,科技艺术：从理论到实践,2,,全球人文研究院,石可,苏州校区,南雍-东122,3,18,112,0
61001890,期权交易与投资实务,2,,创新创业课程,胡源,鼓楼校区,新教-408,2,18,73,0
18001340,视频通信,2,,电子科学与工程学院,"张旭,马展",仙林校区,仙Ⅱ-303,1,18,22,0
20110480,有机化学,3,,环境学院,"王遵尧,陈张浩,万海勤",仙林校区,环科楼B-112,1,18,121,0
27050240,最优控制理论,2,,工程管理学院,许鑫,鼓楼校区,费A-201,4,18,77,0
1032380,世界语言生活专题研究,2,,文学院,方小兵,仙林校区,仙Ⅱ-422,1,18,31,0
201230,新能源科学与技术,2,,现代工程与应用科学学院,"邹志刚,姚颖方,王学斌",鼓楼校区,新教-202,5,16,63,0
5010040,新闻采访学,2,,新闻传播学院,周海燕,仙林校区,仙Ⅱ-217,1,18,118,0
2210810,考古计算机制图与建模,2,,历史学院,马晓,仙林校区,仙Ⅰ-209,1,18,120,0
27040070,结构化金融,2,,工程管理学院,杨学伟,仙林校区,仙Ⅰ-308,1,18,111,0
4000050,逻辑与批判性思维,2,,哲学学院,顿新国,鼓楼校区,费A-202,4,18,121,0
10010310,英语修辞与写作（上）,2,,外国语学院,王艳,仙林校区,仙Ⅰ-506,1,18,111,0
38090010,学术英语交流,4,,南京赫尔辛基大气与地球系统科学学院,"宋玉龙,陆正遥,浦云娇,Giancarlo Ciarelli",苏州校区,南雍-西116,1,18,33,0
202280,透视纷繁复杂的世界经济,2,,商学院,柴忠东,鼓楼校区,新教-301,7,14,64,0
372470,音乐人文,2,,艺术学院,"范丽甍,邵一言,陈新坤,吴艳",鼓楼校区,新教-207,5,18,127,0
200540,政府治理创新与公民参与,2,,政府管理学院,"杨黎婧,翟晓祯,韩雁冰",鼓楼校区,新教-302,6,18,34,0
41000220,高级英语词汇,2,,大学外语部,张沂昀,仙林校区,仙Ⅰ-420,1,18,79,0
9090210,社会心理与商业,2,,商学院,刘雨川,仙林校区,逸C-209,1,18,38,0
78006010,药物发展史：对当代生命健康的启示,2,,医学院,"吴喜林,洪浩",仙林校区,仙Ⅰ-323,2,18,122,0
78004540,庄子与中国思想,2,,中国思想家研究中心,朱金晶,仙林校区,仙Ⅱ-116,2,13,124,0
12040050,声学基础,4,,物理学院,"王新龙,郭霞生",仙林校区,仙Ⅰ-109,1,18,22,0
1032510,古代中日文化交流史,2,,文学院,刘超,仙林校区,仙Ⅱ-411,1,18,28,0
3000020,中国法律史,2,,法学院,"张春海,张仁善",仙林校区,仙Ⅰ-320,1,18,114,0
22020360,计算机图形学,3,,计算机学院,"孙正兴,张岩",仙林校区,仙Ⅰ-104,1,18,71,0
20120410,环境毒理学,2,,环境学院,李梅,仙林校区,环科楼B-105,1,18,111,0
202650,苍穹之光：科学革命与宇宙图景的重构,2,,天文与空间科学学院,罗新炼,鼓楼校区,新教-304,5,17,31,0
42030,柔力球初级2,0.75,,体育部,吕艳玲,仙林校区,乒乓球房东,1,18,117,0
19000200,大学化学,3,,现代工程与应用科学学院,葛海雄,鼓楼校区,费A-310,4,18,112,0
20130360,环境风险管理,2,,环境学院,黄蕾,仙林校区,仙Ⅰ-315,1,18,126,0
372440,体育与当代社会,2,,体育部,王成,仙林校区,仙Ⅱ-403,2,18,68,0
5000650,事实核查,2,,新闻传播学院,周奕欣,仙林校区,仙Ⅱ-419,1,18,126,0
9060480,利息理论,3,,商学院,蒋彧,仙林校区,逸B-305,1,18,129,0
6010440,西方政治思想史Ⅰ（古典）,2,,政府管理学院,曹帅,仙林校区,仙Ⅰ-322,1,18,66,0
17010310,海洋科学概论,2,,大气科学学院,胡海波,仙林校区,仙Ⅱ-111,1,18,35,0
41,中国近现代史纲要,3,,马克思主义学院,林棵,仙林校区,仙Ⅰ-103,1,18,35,0
9000020,微观经济学,3,,数学学院,姜舸,仙林校区,仙Ⅱ-104,1,18,30,0
7000640,社会网络分析,2,,信息管理学院,闵超,仙林校区,仙Ⅱ-301,1,18,63,0
90312201,数字信号处理,2,,智能科学与技术学院,谢晋,苏州校区,苏教B207,1,18,73,0
8030470,心理统计,4,,社会学院,唐日新,仙林校区,仙Ⅰ-315,1,18,75,0
1032390,苏轼诗文选读,2,,文学院,杨曦,仙林校区,仙Ⅱ-421,1,18,66,0
23010350,公共卫生及预防医学,3,,医学院,"郑楠,黄志强,吴喜林,WUZHIWEI",鼓楼校区,馆1-105,1,18,76,0
90113404,演化计算与启发式搜索,2,,智能科学与技术学院,陈硕,苏州校区,南雍-东217,1,9,67,0
22010320,嵌入式系统,2,,计算机学院,陈鑫,仙林校区,仙Ⅱ-301,1,18,73,0
19003760,Introduction to Cheminformatics and Modelling,2,,现代工程与应用科学学院,CHRISTOPHER JOSEPH BUTCH,仙林校区,现代工程与应用科学学院X401教室,4,18,27,0
17010570,现代气候学,2,,大气科学学院,"张录军,黄樱",仙林校区,仙Ⅱ-216,1,18,20,0
12000820,高性能计算,2,,物理学院,盛乐标,鼓楼校区,教121,4,18,34,0
6020030,劳动与社会保障法,2,,政府管理学院,张伟栋,仙林校区,仙Ⅰ-214,1,18,32,0
10083800,日本文化概论,2,,外国语学院,"刘东波,赵仲明",苏州校区,南雍-西108,2,17,77,0
399010,“科学之光”——地球科学探索与实践创新之路,1,,公共课程,"陈骏,胡修棉,汪恺,许志琴,杨经绥,吴吉春,施斌,樊隽轩,沈树忠",鼓楼校区,教202,8,15,69,0
9010210,博弈论,2,,商学院,皮建才,仙林校区,逸B-105,1,18,35,0
29021200,规划实施评估,2,,建筑与城市规划学院,席广亮,鼓楼校区,馆1-202,1,18,21,0
22011620,软件分析,2,,计算机学院,"谭添,李樾",仙林校区,仙Ⅱ-207,2,18,33,0
41000340,新闻英语听说,2,,大学外语部,王文宇,仙林校区,仙Ⅰ-418,1,18,64,0
200660,化学与环境,2,,化学化工学院,"邹伟欣,许波连",鼓楼校区,新教-302,7,18,70,0
302520,中国如何形成：文明与国家起源,2,,全球人文研究院,郭静云,苏州校区,南雍-东123,3,13,36,0
14010070,进化生物学,2,,生命科学学院,杨四海,仙林校区,仙Ⅱ-111,1,18,111,0
330080,逻辑与科学思维方法,2,,哲学学院,顿新国,苏州校区,南雍-西447,2,12,66,0
20130610,Global Environment and Public Health,2,,环境学院,谷成,鼓楼校区,教203,4,18,31,0
8010420,中国社会学史,2,,社会学院,陆远,仙林校区,仙Ⅱ-307,1,18,27,0
27040190,运筹学,3,,工程管理学院,李敏,仙林校区,仙Ⅰ-317,1,18,35,0
3001720,国际公法学,2,,法学院,王倩慧,仙林校区,仙Ⅰ-319,1,18,111,0
12010370,广义相对论基础,3,,物理学院,马永亮,鼓楼校区,南教-102,4,18,63,0
10082740,中级俄语视听说（一）,2,,外国语学院,Aigul Salakhova,仙林校区,仙Ⅰ-504,1,18,80,0
14100630,新药研发策略,2,,生命科学学院,吴兴新,仙林校区,仙Ⅱ-310,1,18,24,0
2111110,战后国际关系史专题研究：第一次印度支那战争的国际关系（1945—1954）,2,,历史学院,陈晖,仙林校区,仙Ⅰ-509,1,18,122,0
12030250,生物物理学,3,,物理学院,"刘锋,王炜,李文飞,曹毅,王骏",鼓楼校区,教220,4,18,120,0
371780,地球、历史与生活,2,,地球科学与工程学院,"李伟,李石磊",仙林校区,仙Ⅱ-306,2,18,75,0
10083670,朝鲜（韩国）语言文学专业通览,1,,外国语学院,"李锦花,JUNG SUNMO,徐黎明,尹海燕,吴玉梅",鼓楼校区,新教-202,8,15,113,0
399250,“科学之光”——计算改变世界,1,,公共课程,"黎书华,盛乐标,雷群利,陈鹏飞,王骏,汤剑平,陆现彩",鼓楼校区,教213,8,15,24,0
14010190,生物化学和分子生物学,4,,生命科学学院,罗琼,仙林校区,仙Ⅱ-115,1,18,110,0
2110420,20世纪女性问题,2,,历史学院,任玲玲,仙林校区,仙Ⅰ-318,1,18,68,0
6020060,社会政策,2,,政府管理学院,李岩,仙林校区,仙Ⅰ-215,1,18,37,0
10083890,日本学研究,2,,外国语学院,刘东波,仙林校区,仙Ⅰ-315,1,18,61,0
22011430,机器学习导论,2,,计算机学院,叶翰嘉,仙林校区,逸A-117,1,18,113,0
5020370,传播社会学,2,,新闻传播学院,郑欣,仙林校区,仙Ⅱ-413,1,18,71,0
78006640,无偿献血与输血治疗,2,,医学院,陈青,仙林校区,仙Ⅱ-306,2,12,76,0
19003490,电化学,2,,现代工程与应用科学学院,郭少华,仙林校区,仙Ⅱ-109,1,18,64,0
18001400,信息网络前沿技术,2,,电子科学与工程学院,"孙智立,赵康僆",仙林校区,仙Ⅱ-114,1,18,75,0
5030190,新媒体与社会,2,,新闻传播学院,孙文峥,仙林校区,仙Ⅱ-101,1,18,36,0
10030220,中级日语（一）,4,,外国语学院,吕斌,仙林校区,仙Ⅰ-111,1,18,62,0
302990,AI辅助工作,1,,软件学院,"刘峰,仲盛,周鑫,房春荣,何铁科",鼓楼校区,教118,6,13,24,0
10082630,俄语语音与会话（一）,2,,外国语学院,徐来娣,鼓楼校区,教111,4,18,74,0
7000470,市场信息与调研,2,,信息管理学院,陈铭,仙林校区,仙Ⅱ-310,1,18,115,0
38010010,认识地球系统科学,1,,南京赫尔辛基大气与地球系统科学学院,"丁爱军,鄢超",鼓楼校区,费A-302,4,12,30,0
9090150,管理研究方法导读,2,,商学院,夏莹,仙林校区,逸C-115,1,18,76,0
372400,韩剧中的婚姻与家庭研究,2,,社会学院,杨渝东,仙林校区,仙Ⅱ-306,2,18,129,0
21010470,行星大气概论,2,,天文与空间科学学院,刘慧根,仙林校区,仙Ⅰ-212,3,18,20,0
2110300,当代台湾问题概论,2,,历史学院,"张萌,刘相平",仙林校区,仙Ⅰ-114,1,18,60,0
19003370,催化化学,3,,现代工程与应用科学学院,钟苗,仙林校区,仙Ⅱ-116,1,18,112,0
32010250,全球治理导论,2,,国际关系学院,王婉潞,仙林校区,仙Ⅰ-503,1,18,111,0
7000590,深度自然语言处理,2,,信息管理学院,虞为,仙林校区,仙Ⅱ-421,1,18,117,0
90411201,宏观经济学,3,,数字经济与管理学院,师博,苏州校区,南雍-西410,1,18,80,0
22010530,分布式与并行计算,2,,计算机学院,谢磊,仙林校区,仙Ⅰ-206,1,18,22,0
10081730,德国思想经典,2,,外国语学院,钦文,仙林校区,仙Ⅰ-408,1,18,37,0
10082990,法语基础写作（一）,2,,外国语学院,NICOLAS MONBERTRAND,仙林校区,仙Ⅰ-507,1,18,63,0
399040,“科学之光”——认识宇宙,1,,公共课程,"陈燕梅,陈鹏飞,谢基伟,张彬彬,罗斌",鼓楼校区,教101,8,15,31,0
19001330,光电子器件与工艺,4,,现代工程与应用科学学院,"祝名伟,毛鹏",仙林校区,仙Ⅱ-104,1,18,77,0
10070270,朝鲜（韩国）语言学概论,2,,外国语学院,李锦花,仙林校区,仙Ⅰ-116,1,18,113,0
5006220,中国现当代文学经典导读,1,,新闻传播学院,朱丽丽,仙林校区,仙Ⅱ-212,1,9,40,0
43000210,科学技术史,2,,马克思主义学院,蔡仲,仙林校区,逸B-201,1,18,115,0
22011800,智能应用开发,2,,计算机学院,徐经纬,仙林校区,仙Ⅰ-102,1,18,25,0
15040110,水环境化学,2,,地球科学与工程学院,"孙媛媛,徐红霞",仙林校区,逸C-202,2,18,35,0
14140031,大学生物学,3,,生命科学学院,"黄亚红,文钟灵,王保忠",鼓楼校区,馆1-106,4,18,70,0
200640,化学与材料,2,,化学化工学院,"左景林,陈子轩,朱俊杰",鼓楼校区,新教-104,7,18,72,0
37100810,20世纪欧洲哲学思想,2,,哲学学院,KANGAL KAAN,仙林校区,仙Ⅰ-322,2,18,60,0
10081610,中朝（韩）交流史,2,,外国语学院,JUNG SUNMO,仙林校区,仙Ⅰ-512,1,18,79,0
399160,“科学之光”——自然地理学新发现,1,,公共课程,"JONATHAN MILES ADAMS,MICHAEL EDWARD MEADOWS,沈吉,居为民,鹿化煜,王先彦,杨龙",鼓楼校区,教121,8,15,115,0
202680,心灵与社会：人类行为的逻辑,2,,社会学院,陈昌凯,鼓楼校区,新教-404,5,12,69,0
9010810,量化经济史,2,,商学院,王明,仙林校区,逸C-203,1,18,74,0
27050280,工业互联网技术,2,,工程管理学院,"李华雄,周运森,袁黎明,孙宇祥,魏婧雯,王志",仙林校区,仙Ⅰ-322,1,18,66,0
11020210,数值最优化,4,,数学学院,杨俊锋,仙林校区,仙Ⅱ-104,1,18,23,0
78006520,艺术与设计,2,,艺术学院,季峰,鼓楼校区,馆1-105,2,18,28,0
18010440,C++与面向对象程序设计,3,,电子科学与工程学院,于耀,仙林校区,基础实验楼乙107 计算中心,1,18,77,0
78006030,现代剧场艺术,2,,艺术学院,胡之月,鼓楼校区,新教-501,2,12,33,0
8010350,文化人类学,2,,社会学院,杨渝东,仙林校区,仙Ⅱ-110,1,18,25,0
2111070,战后东亚历史问题概论,2,,历史学院,陈海懿,仙林校区,仙Ⅱ-401,1,18,62,0
12001030,电子线路基础,3,,物理学院,范理,仙林校区,仙Ⅱ-303,1,18,116,0
78001160,钢琴提高,2,,艺术学院,范丽甍,仙林校区,大学生活动中心320,2,18,24,0
9060040,金融经济学,3,,商学院,杨念,仙林校区,逸B-305,1,18,32,0
25011510,Python语言程序设计,1,,软件学院,赵凤山,鼓楼校区,教121,7,14,20,0
61001510,创客必备的技术锦囊,3,,创新创业课程,周俊,仙林校区,仙Ⅰ-111,2,18,119,0
11000070,近世代数,3,,数学学院,陈柯,仙林校区,仙Ⅱ-103,1,18,123,0
201910,英美短篇小说研究,2,,外国语学院,陈兵,鼓楼校区,新教-201,7,18,22,0
77002860,Government and Society in South Korea,2,,外国语学院,吴玉梅,仙林校区,仙Ⅰ-525,2,18,40,0
18060440,先进半导体工艺技术,3,,电子科学与工程学院,"窦蓉蓉,陶涛,徐尉宗",仙林校区,电子科学与工程学院123,1,18,112,0
78001040,演示物理,2,,物理学院,"高惠滨,潘永华",鼓楼校区,科技馆206,4,18,61,0
14100670,生命科学中的新技术,2,,生命科学学院,李根喜,仙林校区,仙Ⅱ-122,4,18,129,0
17010630,偏微分方程数值解,3,,大气科学学院,"郭毅鹏,周博闻",仙林校区,仙Ⅱ-404,3,16,79,0
12030210,粒子物理,3,,物理学院,陈申见,鼓楼校区,教104,1,18,60,0
90211101,C语言程序设计基础,3,,智能软件与工程学院,赵振南,苏州校区,南雍-西115,4,18,26,0
9010040,中国经济史,3,,商学院,杨德才,仙林校区,逸B-306,1,18,120,0
90311202,数据结构与算法,3,,智能软件与工程学院,"王智彬,钮鑫涛,杨鲲",苏州校区,南雍-西105,1,18,129,0
38050012,科学计算II – 计算方法,2,,南京赫尔辛基大气与地球系统科学学院,Roope Halonen,苏州校区,南雍-西353,1,18,112,0
12001270,电动力学,4,,物理学院,孙建,仙林校区,仙Ⅰ-212,1,18,129,0
16070030,走进地理信息世界,1,,地理与海洋科学学院,"李满春,陈振杰,夏南,佘江峰,王结臣,陈刚,程亮,肖鹏峰",鼓楼校区,教118,4,11,124,0
9010280,中级宏观经济学,3,,商学院,李剑,仙林校区,逸B-209,1,18,20,0
14140013,生物化学,3,,生命科学学院,潘颖,仙林校区,仙Ⅰ-324,1,18,68,0
32010130,世界政治文献精读（上）,2,,国际关系学院,周文星,仙林校区,仙Ⅰ-504,1,18,36,0
8010590,中国社会纪录片研究,2,,社会学院,邱月,仙林校区,仙Ⅱ-109,1,18,65,0
38060010,气候变化与林业学,2,,南京赫尔辛基大气与地球系统科学学院,Yann Louis Baptiste Salmon,苏州校区,南雍-西426,11,18,20,0
7040010,编辑出版学概论,2,,信息管理学院,张志强,仙林校区,仙Ⅱ-317,1,18,118,0
27030610,项目管理,2,,工程管理学院,"刘琰,胡毅",仙林校区,仙Ⅰ-216,1,18,73,0
10013,简明微积分,4,,数学学院,聂梓伟,仙林校区,仙Ⅱ-403,4,18,117,0
11012060,交换代数,3,,数学学院,张翀,鼓楼校区,教203,1,18,29,0
20030670,环境工程技术经济,2,,环境学院,刘宁,仙林校区,环科楼B-107,1,18,113,0
201780,奇妙的声音,2,,物理学院,"郭霞生,章东",鼓楼校区,新教-201,7,14,39,0
6020430,公共政策仿真概论,2,,政府管理学院,彭毅,仙林校区,仙Ⅱ-109,1,18,36,0
200400,物理生物学,2,,物理学院,"曹毅,王炜",鼓楼校区,新教-104,7,14,64,0
22011670,智能计算系统,3,,计算机学院,朱光辉,仙林校区,逸B-313,1,18,64,0
25011380,操作系统设计与实现,3,,软件学院,"毛云龙,仲盛",鼓楼校区,蒙民伟楼六楼机房604、606、608,1,18,114,0
32010010,世界政治导论,2,,国际关系学院,"赵光锐,王逸舟,李聆群,朱锋",鼓楼校区,费A-318,4,18,34,0
6010000,中国政治思想史,2,,政府管理学院,谭笑,仙林校区,仙Ⅰ-211,1,18,71,0
1031820,杜甫研究,2,,文学院,刘重喜,仙林校区,仙Ⅱ-411,1,18,24,0
15030040,工程地质学,4,,地球科学与工程学院,"施斌,唐朝生,程青",仙林校区,逸B-202,2,18,111,0
30000650,深度学习平台及应用,2,,人工智能学院,张杰,仙林校区,仙Ⅰ-216,1,18,78,0
10083160,中级日语实践（一）,4,,外国语学院,MANDA KEITA,仙林校区,仙Ⅰ-111,1,18,30,0
18060190,宽禁带半导体,2,,电子科学与工程学院,顾书林,仙林校区,仙Ⅱ-216,3,18,63,0
27000160,概率论,3,,工程管理学院,徐红利,仙林校区,仙Ⅰ-115,1,18,32,0
399530,“科学之光”（青年学者系列）——有趣的糖科学史,1,,化学化工学院,谢然,鼓楼校区,新教-303,4,14,123,0
38030020,常微分方程,2,,南京赫尔辛基大气与地球系统科学学院,王玉婷,苏州校区,南雍-西446,1,18,70,0
3000500,法律社会学,2,,法学院,周安平,仙林校区,仙Ⅱ-405,1,18,37,0
9000620,组织行为学,3,,商学院,贺伟,仙林校区,逸C-114,1,18,31,0
21010070,X射线双星,2,,天文与空间科学学院,邵勇,仙林校区,天文与空间科学学院222,3,18,60,0
61000970,光电信息工程实训,2,,现代工程与应用科学学院,"王顺,谢臻达",仙林校区,现代工程与应用科学学院A100,1,18,25,0
8010260,人类生态学,2,,社会学院,马道明,仙林校区,仙Ⅱ-414,1,18,25,0
371900,跨文化视域中的美国艺术史,2,,艺术学院,"高薪,周宪",仙林校区,仙Ⅱ-306,2,18,121,0
303040,身体说明书：大学生健康生存指南,2,,医学院,夏天娇,苏州校区,南雍-东218,2,18,111,0
18100040,大语言模型在芯片设计中的应用与实践,2,,电子科学与工程学院,"杜力,杜源",仙林校区,基础实验楼丙405,1,18,31,0
10050140,德语语言应用（一）,6,,外国语学院,"刘健,王露杨",仙林校区,仙Ⅰ-511,1,18,78,0
9000710,政治经济学原理,2,,商学院,桂林,鼓楼校区,费A-302,4,18,77,0
10060290,笔译理论与实践（汉西互译）,2,,外国语学院,张伟劼,仙林校区,仙Ⅱ-101,1,18,126,0
43000050,当代世界资本主义,2,,马克思主义学院,"李乾坤,吴家丞",仙林校区,仙Ⅰ-323,1,18,62,0
6040560,公共政策基础,3,,政府管理学院,孔繁斌,仙林校区,仙Ⅰ-104,1,18,62,0
7040130,出版法规与版权贸易,2,,信息管理学院,丁靖佳,仙林校区,仙Ⅱ-412,1,18,73,0
3000370,证据法,2,,法学院,"赵常成,何成宸",仙林校区,仙Ⅰ-317,1,18,36,0
30000070,离散数学,4,,人工智能学院,吴楠,鼓楼校区,馆3-103,4,18,125,0
90311304,数字集成电路Ⅰ,3,,集成电路学院,傅玉祥,苏州校区,苏教C201,1,18,61,0
1030340,古典韵文格律与习作,2,,文学院,冯乾,仙林校区,仙Ⅱ-407,1,18,40,0
340030,全球变化与人类活动,3,,地理与海洋科学学院,"胡镕,张肖剑,马春梅,张秀英,张瀚之",苏州校区,南雍-西122,2,18,61,0
19001360,光电功能材料,2,,现代工程与应用科学学院,"胡伟,陆延青",仙林校区,仙Ⅱ-508,1,18,75,0
10010290,基础英语写作（上）,2,,外国语学院,张微,鼓楼校区,新教-103,4,18,32,0
8010380,人类学实地考察与写作,2,,社会学院,褚建芳,仙林校区,仙Ⅱ-111,1,18,70,0
17010660,大气动力学,3,,大气科学学院,方娟,仙林校区,仙Ⅱ-112,3,16,24,0
4010580,马克思主义哲学热点问题研究,2,,哲学学院,"黄玮杰,赵立",仙林校区,仙Ⅱ-319,1,18,24,0
91040040,STS前沿问题研究,2,,哲学学院,"刘鹏,史晨",仙林校区,仙Ⅰ-502,1,18,116,0
12030240,软物质物理,3,,物理学院,"任春来,雷群利,马余强",鼓楼校区,馆1-307,4,18,66,0
399560,“科学之光”（青年学者系列）——净水技术初探,1,,环境学院,黄辉,鼓楼校区,新教-303,7,12,74,0
1010020,语言学概论,3,,文学院,汪莹,仙林校区,仙Ⅱ-401,1,18,24,0
41000430,英汉翻译,2,,大学外语部,乔丽婷,仙林校区,逸B-211,1,18,73,0
27050010,自动控制原理,5,,工程管理学院,"李华雄,陈春林",仙林校区,仙Ⅱ-319,1,18,121,0
78004990,生物医学与健康长寿,2,,医学院,林兆宇,仙林校区,仙Ⅱ-115,5,15,62,0
61001300,创新创业的实践性表达,2,,创新创业课程,周俊,仙林校区,仙Ⅰ-111,2,12,21,0
10020240,汉俄笔译,1,,外国语学院,张俊翔,仙林校区,仙Ⅰ-509,1,18,110,0
61002010,法律领域就业路径探索与规划,2,,法学院,"马骏,平凡,路敏玥,陈坤",仙林校区,仙Ⅰ-318,2,18,28,0
3000250,立法学,2,,法学院,姜秉曦,仙林校区,仙Ⅰ-113,1,18,26,0
78006240,人体新陈代谢：了解能量代谢与生命健康的奥秘,2,,医学院,"甘振继,付婷婷",仙林校区,仙Ⅱ-114,2,18,23,0
22011580,物联网技术导论,2,,计算机学院,谢磊,仙林校区,仙Ⅱ-207,1,18,35,0
201020,新生研究性物理实验,2,,物理学院,"王寅龙,万建国,游彪",鼓楼校区,科技馆2楼实验室,7,18,114,0
4010090,现代西方哲学,4,,哲学学院,"王恒,胡星铭",仙林校区,仙Ⅱ-523,1,18,123,0
29011610,设计思维与媒介,2,,建筑与城市规划学院,鲁安东,鼓楼校区,建良楼211,1,18,130,0
20130010,环境学,2,,环境学院,"柏益尧,孙平",鼓楼校区,教111,4,18,114,0
20030710,环境工程微生物学,2,,环境学院,"叶林,黄辉",仙林校区,环科楼B-107,1,18,126,0
10060170,基础西班牙语（三）,8,,外国语学院,"谭薇,裴枫",仙林校区,仙Ⅰ-513,1,18,20,0
32010100,国际关系史,2,,国际关系学院,吕磊,仙林校区,仙Ⅰ-323,1,18,75,0
78003940,艺术与审美,2,,艺术学院,孙琳,仙林校区,仙Ⅱ-110,2,12,130,0
9080050,客户关系管理,2,,商学院,吴宜真,仙林校区,逸C-204,1,18,66,0
38070040,气溶胶健康效应,2,,南京赫尔辛基大气与地球系统科学学院,Giancarlo Ciarelli,苏州校区,南雍-西353,3,10,128,0
14010060,微生物学,2,,生命科学学院,张博,仙林校区,仙Ⅱ-117,1,18,111,0
9030540,公司运营,3,,商学院,"徐小林,刘春林",仙林校区,逸C-104,1,18,31,0
13000150,大学化学Ⅱ,3,,化学化工学院,吴雪军,仙林校区,仙Ⅰ-317,1,18,28,0
9050340,专业实务训练,2,,商学院,"曹洋,苏文兵",仙林校区,逸C-103,1,4,38,0
7000320,网络与信息安全,2,,信息管理学院,刘千里,仙林校区,仙Ⅱ-102,1,18,129,0
2111190,德国史专题研究,2,,历史学院,王涛,仙林校区,仙Ⅰ-506,4,18,117,0
12010280,高等统计物理,3,,物理学院,肖明文,鼓楼校区,南教-201,4,18,36,0
19003530,科技文献检索与信息挖掘,2,,现代工程与应用科学学院,张弢,仙林校区,逸B-506（翻转）,1,18,40,0
1030180,中国古代文献学,2,,文学院,张宗友,仙林校区,仙Ⅱ-407,1,18,75,0
13030940,量子化学,3,,化学化工学院,"黎书华,李伟,马晶",仙林校区,仙Ⅰ-319,4,18,60,0
27040180,经济学原理,3,,工程管理学院,"金玉,黄伟桓",鼓楼校区,馆1-204,4,18,122,0
6000630,管理学原理,2,,政府管理学院,李永刚,仙林校区,仙Ⅱ-301,1,18,63,0
14100270,蛋白质组学,2,,生命科学学院,李冬海,仙林校区,仙Ⅱ-407,1,18,118,0
5000032,社会研究方法,2,,新闻传播学院,"王啸,孙信茹",仙林校区,仙Ⅱ-315,1,18,63,0
302510,21世纪英语推想小说评析,2,,全球人文研究院,都岚岚,苏州校区,南雍-东122,2,12,122,0
15040070,自然地理学概论,2,,地球科学与工程学院,周启友,仙林校区,逸C-201,2,18,72,0
9010320,城市经济学,2,,商学院,魏守华,仙林校区,逸B-201,1,18,75,0
21010320,天文与天体物理学中的热点研究,2,,天文与空间科学学院,"侯锡云,李尚活,袁珍,刘佳成,谢基伟,周平,王发印,邵勇",仙林校区,仙Ⅰ-204,1,18,117,0
7020520,大数据、区块链与金融情报分析,2,,信息管理学院,丁晓蔚,仙林校区,仙Ⅱ-306,1,18,64,0
30250,智能程序设计（C语言）,3,,大学计算机基础教学部,黄达明,鼓楼校区,新教-207,4,18,123,0
12000710,凝聚态物质光物理,2,,物理学院,刘辉,鼓楼校区,新教-107,4,18,29,0
2111320,德国与中国：1860-1949,2,,历史学院,EBENVONRACKNITZ,仙林校区,自由地点,1,18,129,0
202320,西班牙及拉丁美洲文学经典研读,2,,外国语学院,张伟劼,鼓楼校区,新教-103,7,14,110,0
19000180,数学物理方法,3,,现代工程与应用科学学院,张超,仙林校区,仙Ⅰ-109,1,18,114,0
78005040,雅思进阶,2,,大学外语部,裴黎萍,仙林校区,仙Ⅰ-419,2,18,20,0
22020230,操作系统,4,,计算机学院,吴化尧,仙林校区,仙Ⅰ-115,1,18,70,0
12000160,物理学前沿讲座,1,,物理学院,"丁海峰,黄璞,周勇,温锦生,唐峰,梁世军,李文飞,程营,王晓勇,王牧,游彪,杨欢,马小松,张雷,高力波,屠娟,许昌,李绍春",仙林校区,仙Ⅰ-207,1,18,26,0
19003770,半导体器件物理,2,,现代工程与应用科学学院,芦红,仙林校区,仙Ⅱ-113,1,18,21,0
78005830,曹禺经典剧作研读,3,,文学院,洪宏,苏州校区,南雍-西116,2,18,112,0
360070,俄罗斯文学经典的当代意义,3,,文学院,董晓,仙林校区,仙Ⅱ-305,2,18,25,0
202200,分子考古学:揭开史前文明的奥秘,2,,地球科学与工程学院,周斌,鼓楼校区,新教-304,4,13,26,0
43000170,中国特色社会主义政治经济学,3,,马克思主义学院,"安同良,范从来,吴福象,杨德才,洪银兴,沈坤荣,方先明,马野青,葛扬",仙林校区,仙Ⅰ-109（合班）,1,18,65,0
12020260,激光原理与技术,3,,物理学院,张春峰,鼓楼校区,教118,4,18,39,0
10082510,英语测试（专业八级）,2,,外国语学院,"高虹,吴一坤",仙林校区,仙Ⅰ-502,1,18,37,0
25010850,移动互联网软件工程,3,,软件学院,刘钦,鼓楼校区,费A-318,1,18,123,0
61001660,电子创新实践入门,2,,电子科学与工程学院,陈瞻,仙林校区,基础实验楼丙418,2,18,32,0
7000070,数据库原理与应用,3,,信息管理学院,谈晓洁,仙林校区,仙Ⅱ-304,1,18,35,0
200670,大分子：从材料到生命,2,,化学化工学院,胡文兵,鼓楼校区,新教-203,7,14,79,0
90113405,大数据处理与并行计算,2,,智能科学与技术学院,王宇宣,苏州校区,南雍-西313,1,18,64,0
7040190,中外编辑出版史,2,,信息管理学院,林佩,仙林校区,仙Ⅱ-516,1,18,123,0
9010470,中级计量经济学,3,,商学院,程令国,仙林校区,逸C-114,1,18,121,0
77001560,化学与社会,2,,化学化工学院,郑和根,仙林校区,仙Ⅱ-406,2,18,36,0
10010120,美国文学,2,,外国语学院,"杨金才,赵文书,但汉松",仙林校区,仙Ⅰ-317,1,18,21,0
14100880,多组学解码生命,3,,生命科学学院,"陈迪俊,傅靓彧,徐俊美",仙林校区,生命科学学院C202,1,18,34,0
91070070,文本数据管理与分析,2,,信息管理学院,欧石燕,仙林校区,仙Ⅱ-319,1,18,33,0
22011140,密码学原理,3,,计算机学院,张渊,仙林校区,仙Ⅱ-207,1,18,21,0
10083610,朝鲜（韩国）语视听说（三）,2,,外国语学院,SOYOUNG YOO,仙林校区,逸C-102,1,18,39,0
202390,影像中的世界史,2,,历史学院,王涛,鼓楼校区,新教-104,8,15,121,0
90413201,会计与财务报表分析,3,,数字经济与管理学院,黄志忠,苏州校区,南雍-东218,10,18,66,0
2111390,藏文入门,2,,历史学院,孙鹏浩,仙林校区,仙Ⅰ-505,3,14,22,0
17011000,热带气旋导论,2,,大气科学学院,刘岩,仙林校区,仙Ⅱ-217,1,18,25,0
330100,逻辑思维与表达,2,,哲学学院,王克喜,仙林校区,仙Ⅰ-109,2,12,120,0
9070460,计量经济学理论与应用,3,,商学院,周诗豪,仙林校区,逸B-305,1,18,30,0
1032520,唐宋词研读,2,,文学院,任轲,仙林校区,仙Ⅱ-105,1,18,34,0
14100720,生命科学实验伦理、安全和仪器实训,2,,生命科学学院,"张骑鹏,高倩倩,仲昭朝,傅靓彧,胡霞飞,唐惠炜,张远莉,庄重,双惊雷,李俊,杨永华,张臻,曾水云,李红召,庞延军",仙林校区,仙Ⅱ-112（合班）,1,18,118,0
91190030,摄影光学及光电技术,2,,现代工程与应用科学学院,刘明泽,仙林校区,仙Ⅱ-102,1,18,123,0
12010360,量子输运理论,3,,物理学院,"陈伟,张谷",鼓楼校区,馆1-307,4,18,79,0
23000320,组织学与胚胎学,2,,医学院,"王勇,李冬梅,韩晓冬",仙林校区,仙Ⅱ-504,1,18,129,0
302420,中医药传承与创新,2,,生命科学学院,孔令东,仙林校区,仙Ⅰ-324,2,18,66,0
10030,人文数学,4,,数学学院,王鲁琦,鼓楼校区,教201,4,18,61,0
22000010,程序设计基础,3,,计算机学院,刘奇志,鼓楼校区,南教-202,4,18,30,0
3001820,习近平法治思想概论,2,,法学院,"马骏,赵常成,杨硕,黄旭巍,刘勇,张慰,陈坤,蔡琳,邹立君,王丽娟,冯洁语,胡晓红",鼓楼校区,教222,4,18,121,0
19002810,分子工程与纳米医学,3,,现代工程与应用科学学院,宁兴海,仙林校区,仙Ⅱ-319,4,18,123,0
512760,中西诗学文献与诗歌文本选读,2,,公共课程,李海鹏,仙林校区,仙Ⅰ-312,3,14,65,0
9060600,金融制度分析,2,,商学院,陈宝敏,仙林校区,逸B-306,1,18,71,0
80030040,VLSI数字信号处理系统设计与实现,2,,集成电路学院,田静,苏州校区,南雍-西209,1,18,126,0
90313302,半导体光电子技术,2,,集成电路学院,"庄喆,寇君龙,王启晶",苏州校区,苏教C201,1,18,71,0
7020450,概率论与数理统计,3,,信息管理学院,朱惠,仙林校区,仙Ⅱ-303,1,18,69,0
27030450,运筹学I,3,,工程管理学院,徐薇,仙林校区,仙Ⅱ-404,1,18,120,0
3001690,刑法学（总论二）（英语）,2,,法学院,张淼,仙林校区,仙Ⅰ-113,1,18,69,0
61001840,半导体产业介绍与投资趋势,2,,电子科学与工程学院,林军,仙林校区,仙Ⅰ-315,2,18,66,0
91140070,药理学前沿,2,,生命科学学院,孙洋,仙林校区,仙Ⅱ-116,1,9,72,0
22000130,计算机程序的构造和解释,3,,计算机学院,"李樾,冯新宇",鼓楼校区,教120,4,18,32,0
14120040,发酵工程,2,,生命科学学院,宋勇春,仙林校区,仙Ⅱ-112,4,18,67,0
8010070,中国社会思想史,3,,社会学院,郑震,仙林校区,仙Ⅱ-307,1,18,31,0
18010630,射频与微波电路设计,2,,电子科学与工程学院,陈平,仙林校区,基础实验楼丙405,1,18,69,0
78005710,古琴艺术赏析,1,,*技术科学试验班,裴金宝,苏州校区,南雍-西122,2,9,36,0
341590,智创无穹：水污染控制技术前沿与产业创新,1,,创新创业课程,"许柯,王瑾丰,任洪强",鼓楼校区,新教-405,8,15,115,0
10081820,实用英语语法,2,,外国语学院,朱叶秋,鼓楼校区,新教-101,4,18,24,0
27010020,管理学,2,,工程管理学院,朱华桂,仙林校区,仙Ⅱ-306,1,18,128,0
9020070,商务沟通,2,,商学院,沈艳枝,仙林校区,逸C-114,1,18,117,0
20030640,物理化学,3,,环境学院,"董林,谭伟,邹伟欣",仙林校区,环科楼B-105,1,18,130,0
15010080,板块构造,2,,地球科学与工程学院,王胜利,仙林校区,逸B-201,1,18,112,0
18040340,卫星通信,1,,电子科学与工程学院,赵康僆,仙林校区,仙Ⅱ-405,1,9,130,0
202350,全球变化,2,,地理与海洋科学学院,JONATHAN MILES ADAMS,鼓楼校区,新教-204,6,17,77,0
7030250,电子文件管理,3,,信息管理学院,景红,仙林校区,仙Ⅰ-316,1,18,28,0
8020120,医务社会工作,2,,社会学院,沈晖,仙林校区,仙Ⅰ-209,1,18,20,0
61001960,走近实体经济,1,,商学院,"吴清,王姝力,王宇伟",仙林校区,仙Ⅱ-404,2,9,26,0
30000350,认知科学导论,2,,人工智能学院,肖承丽,仙林校区,仙Ⅰ-216,1,18,117,0
17010960,追梦大气未解之谜,1,,大气科学学院,"刘红年,张熠,郭维栋",鼓楼校区,馆1-205,9,16,34,0
90112302,深度学习平台与应用,2,,智能科学与技术学院,范琦,苏州校区,苏教B207,1,18,78,0
10060120,西班牙语国家通论,2,,外国语学院,叶君洋,苏州校区,南雍-西447,2,13,38,0
41000270,法学英语口笔译,2,,大学外语部,张沂昀,仙林校区,仙Ⅰ-420,1,18,39,0
11100200,概率论与数理统计,3,,数学学院,陶敏,仙林校区,仙Ⅱ-303,1,18,126,0
30000230,高级机器学习,2,,人工智能学院,詹德川,仙林校区,逸A-322,1,18,110,0
27030570,智能生产管理与控制,3,,工程管理学院,朱骁涵,仙林校区,仙Ⅰ-114,1,18,30,0
341600,智创无穹：多模态大模型原理、应用与安全,1,,创新创业课程,"傅朝友,赵放",苏州校区,南雍-西216,8,15,114,0
202590,走近睡眠,2,,医学院,钱晓云,鼓楼校区,鼓楼医院科教楼213教室,7,18,35,0
9080140,服务营销,3,,商学院,韩顺平,仙林校区,逸C-102,1,18,71,0
91020090,中美关系与台湾问题,2,,历史学院,龚洪烈,仙林校区,仙Ⅰ-214,1,18,125,0
18001480,并行计算,3,,电子科学与工程学院,潘红兵,仙林校区,仙Ⅰ-320,1,18,40,0
30000110,数据结构与算法分析,4,,人工智能学院,郑朝栋,仙林校区,仙Ⅱ-404,1,18,63,0
27050340,智能博弈与计算机推演,2,,工程管理学院,孙宇祥,仙林校区,仙Ⅰ-408,1,18,114,0
10083860,日本文学专题研讨,2,,外国语学院,黄一丁,仙林校区,仙Ⅰ-114,1,18,33,0
302910,世界历史中的大国兴衰,2,,历史学院,陈日华,苏州校区,南雍-东231,2,9,115,0
5000420,视听媒介史,2,,新闻传播学院,谢卓潇,仙林校区,仙Ⅱ-114,1,18,72,0
11031020,高等概率论,3,,数学学院,宋玉林,鼓楼校区,南教-201,1,18,32,0
78004190,科学史经典著作选读,2,,哲学学院,戴建平,苏州校区,南雍-西116,11,16,60,0
28011090,综合高级汉语（三）,8,,海外教育学院,殷晓明,鼓楼校区,教111,1,18,60,0
90313404,射频与功率集成电路,3,,集成电路学院,曹鹏,苏州校区,苏教A207,1,18,124,0
6020090,公共经济学,2,,政府管理学院,徐彪,仙林校区,仙Ⅰ-209,1,18,26,0
10080370,国际贸易实务,2,,外国语学院,常晨,仙林校区,仙Ⅰ-210,1,18,127,0
22011120,形式语言与自动机,3,,计算机学院,"李宣东,卜磊",鼓楼校区,费A-310,1,18,65,0
13030230,化学与生命,1,,化学化工学院,"姚祝军,赵劲,鞠熀先",鼓楼校区,馆1-205,4,18,69,0
78005340,人体表面解剖学,2,,医学院,张露青,仙林校区,基础医学教学中心一楼121教室,2,18,37,0
110,马克思主义基本原理,3,,马克思主义学院,仰海锐,鼓楼校区,教102,4,18,118,0
6040530,公文写作与处理,2,,政府管理学院,于君博,仙林校区,仙Ⅰ-204,1,18,114,0
19003710,机器学习在材料科学的应用,1,,现代工程与应用科学学院,"周健,杨玉荣",仙林校区,仙Ⅱ-101,11,18,34,0
10080010,实用语音学,2,,外国语学院,高虹,鼓楼校区,新教-104,4,18,110,0
19003060,单片微型计算机原理与接口技术,4,,现代工程与应用科学学院,张益昕,仙林校区,仙Ⅱ-312,1,18,117,0
11021020,偏微分方程现代数值方法,3,,数学学院,武海军,鼓楼校区,教108,1,18,117,0
202470,生活乐趣背后的运营创新,2,,工程管理学院,李娟,鼓楼校区,新教-202,7,14,35,0
9000060,计量经济学,3,,商学院,谢建国,仙林校区,逸B-305,1,18,73,0
11010200,伽罗瓦理论,3,,数学学院,秦厚荣,仙林校区,仙Ⅱ-103,1,18,37,0
90013101,问题式学习方法：案例研究,2,,*技术科学试验班,郭亚敏,苏州校区,南雍-东122,2,18,63,0
7010240,信息素养,2,,信息管理学院,羊剑楠,仙林校区,仙Ⅱ-113,1,18,25,0
1032320,出土文献研究（中级）,4,,文学院,"魏宜辉,聂菲,程少轩",仙林校区,文学院433室,1,18,65,0
10084220,实用写作,2,,外国语学院,吴一坤,仙林校区,仙Ⅱ-307,1,18,79,0
29030070,建筑与规划设计（三）（模块）,3,,建筑与城市规划学院,"冯金龙,华晓宁,王洁琼,王铠",鼓楼校区,"建良楼106,108,110，112",1,9,33,0
202720,循思想之光：范畴论与同调代数初探,2,,数学学院,丁南庆,鼓楼校区,新教-304,8,15,70,0
38030021,科学计算I - 编程语言,2,,南京赫尔辛基大气与地球系统科学学院,Yann Louis Baptiste Salmon,苏州校区,南雍-西353,11,18,61,0
78006710,艺术策展工作坊,1,,艺术学院,陈静,仙林校区,众创空间402,5,13,128,0
7030010,档案学概论,2,,信息管理学院,李刚,仙林校区,仙Ⅰ-210,1,18,76,0
372210,走近联合国,1,,就业指导中心,何勇,仙林校区,仙Ⅱ-102,9,12,74,0
29030190,设计入门,2,,建筑与城市规划学院,"鲁安东,李鑫,唐莲",鼓楼校区,建良楼118,12,18,21,0
29010650,风景园林历史与理论,2,,建筑与城市规划学院,尹航,鼓楼校区,馆1-103,1,18,125,0
18001610,集成电路专业导学,1,,电子科学与工程学院,"沙金,周玉刚,李丽,陆海,杜源,杜力",鼓楼校区,教102,7,14,74,0
4010060,现代逻辑,2,,哲学学院,张力锋,仙林校区,仙Ⅱ-113,1,18,69,0
5030750,视频深度报道,2,,新闻传播学院,庄永志,仙林校区,仙Ⅱ-514,1,18,116,0
2111160,中国近现代思想名作选读,2,,历史学院,邱伟云,仙林校区,仙Ⅰ-504,1,18,36,0
9060590,国际金融,2,,商学院,那晋领,仙林校区,逸B-313,1,18,70,0
202600,运动知识与运动损伤防护,2,,医学院,蒋青,鼓楼校区,新教-404,7,11,65,0
15070130,生命演化I,3,,地球科学与工程学院,史宇坤,仙林校区,基础实验楼丙112,1,18,125,0
42050,体适能25,0.75,,体育部,赵岚,鼓楼校区,苏浙田径场,4,18,123,0
23010490,生物化学,4,,医学院,"丁智,聂运中,朱昱敏,吴锦慧",仙林校区,仙Ⅱ-503,1,18,129,0
10080160,英美小说研究,2,,外国语学院,但汉松,仙林校区,仙Ⅰ-509,1,18,30,0
90311303,AI驱动的集成电路制造技术,3,,集成电路学院,邹宁睦,苏州校区,苏教C201,1,18,38,0
302940,早期中国与伊比利亚的文化交流,3,,外国语学院,叶君洋,苏州校区,南雍-西447,2,18,62,0
18000310,电路分析,3,,电子科学与工程学院,柏业超,鼓楼校区,教213,4,18,79,0
10083490,西班牙语国家社会文化视听（一）,2,,外国语学院,叶君洋,仙林校区,仙Ⅰ-526,1,18,67,0
90211202,C++高级程序设计,3,,智能软件与工程学院,"潘敏学,郑滔",苏州校区,苏教A207,1,18,67,0
9020350,国际贸易,2,,商学院,方勇,仙林校区,逸B-305,1,18,69,0
29021220,城市开发与运营,2,,建筑与城市规划学院,"王红扬,周扬,冯怡",鼓楼校区,馆1-202,1,18,128,0
38050030,动力气象,3,,南京赫尔辛基大气与地球系统科学学院,"顾剑峰,杨博雷",苏州校区,南雍-西447,1,18,119,0
2111280,人类瘟疫史,2,,历史学院,闵凡祥,仙林校区,仙Ⅰ-113,1,18,124,0
10081420,当代中韩文化交流,2,,外国语学院,徐黎明,仙林校区,仙Ⅱ-102,1,18,121,0
12000190,大学化学,3,,物理学院,章建辉,仙林校区,仙Ⅱ-304,1,18,40,0
27040100,行为金融学,2,,工程管理学院,俞红海,仙林校区,仙Ⅱ-301,1,18,24,0
22010100,高级程序设计,3,,计算机学院,徐经纬,仙林校区,仙Ⅰ-102,1,18,78,0
2110350,当代印度政治与经济,2,,历史学院,刘立涛,仙林校区,仙Ⅰ-114,1,18,77,0
12000200,大学天文学,3,,物理学院,罗新炼,仙林校区,仙Ⅱ-305,1,18,121,0
78001070,大学生心理健康学,2,,心理健康教育与研究中心,吴思樾,仙林校区,仙Ⅱ-406,2,18,110,0
1032410,古籍整理概论与实践,2,,文学院,杨珂,仙林校区,仙Ⅱ-407,1,18,76,0
5020090,市场营销学,2,,新闻传播学院,郑丽勇,仙林校区,仙Ⅱ-114,1,18,114,0
22020260,编译原理,4,,计算机学院,"徐宝文,冯洋",仙林校区,仙Ⅱ-406,1,18,110,0
28010890,HSK六级听力,2,,海外教育学院,"徐昌火,汪天源",鼓楼校区,馆1-407,4,18,124,0
12000800,数据统计与分析,2,,物理学院,颜志波,仙林校区,仙Ⅱ-304,1,18,26,0
202750,百年变局时代的国际关系研究知识图谱,2,,国际关系学院,毛维准,鼓楼校区,新教-204,5,16,32,0
7020610,人工智能大模型与下一代数字金融,2,,信息管理学院,丁晓蔚,仙林校区,仙Ⅱ-403,1,18,122,0
10082470,英语口译理论与实践,2,,外国语学院,任裕海,仙林校区,仙Ⅰ-510,1,18,30,0
43000260,后马克思主义思潮导论,3,,马克思主义学院,蒋天婵,仙林校区,仙Ⅱ-115,1,18,38,0
20110140,环境统计学,2,,环境学院,张磊,仙林校区,环科楼B-112,1,18,27,0
28030080,汉语写作,4,,海外教育学院,阮艳,鼓楼校区,馆1-306,4,18,127,0
28010770,当代中国经济,2,,海外教育学院,陈志红,鼓楼校区,馆1-102,1,18,69,0
27030290,制造与服务系统分析,3,,工程管理学院,"沈厚才,陈虹桥",仙林校区,仙Ⅰ-114,1,18,61,0
9000030,宏观经济学,3,,商学院,武志伟,仙林校区,逸B-305,1,18,127,0
300060,心理素养的融合培育与实践,2,,心理健康教育与研究中心,"陈昌凯,赵琳",仙林校区,仙Ⅰ-111,2,18,120,0
12000070,数学物理方法,4,,物理学院,万贤纲,仙林校区,仙Ⅰ-324,1,18,65,0
18001240,计算摄像学,2,,电子科学与工程学院,"曹汛,岳涛",仙林校区,仙Ⅱ-403,1,18,22,0
40140,太极拳初级3,0.75,,体育部,邢玉婷,鼓楼校区,体育馆西侧,4,18,34,0
17010230,天气诊断分析,2,,大气科学学院,李元龙,仙林校区,仙Ⅱ-113,1,18,31,0
371810,Mass Media and Popular Culture in Korea,2,,外国语学院,吴玉梅,仙林校区,仙Ⅰ-525,2,18,25,0
10082720,初级俄语视听说（一）,2,,外国语学院,段丽君,仙林校区,仙Ⅰ-508,1,18,60,0
15010330,全球变化与环境,2,,地球科学与工程学院,吴卫华,仙林校区,逸C-210,1,18,70,0
2111130,中共经典文献阅读与研讨,2,,历史学院,岳谦厚,仙林校区,仙Ⅰ-510,1,18,25,0
27030300,现代工程管理,2,,工程管理学院,李迁,鼓楼校区,馆1-104,4,18,126,0
12001080,粒子物理前沿讲座,1,,物理学院,金山,仙林校区,仙Ⅰ-104,1,12,113,0
399230,“科学之光”——突破摩尔定律,1,,公共课程,"王枫秋,陶涛,徐永兵,何亮,邱浩,万昌锦,王学锋",鼓楼校区,教101,8,15,24,0
14110040,植物学专业英语,2,,生命科学学院,卢山,仙林校区,仙Ⅱ-113,1,16,39,0
22000100,计算机系统基础,5,,计算机学院,"汪亮,戴海鹏",仙林校区,仙Ⅰ-203,1,18,128,0
22011390,计算机网络协议开发,2,,计算机学院,曹培睿,仙林校区,仙Ⅰ-317,1,18,113,0
41000360,新闻英语写作,2,,大学外语部,王怡康,仙林校区,仙Ⅰ-505,1,18,73,0
61000820,设计实践入门,2,,艺术学院,王诗晓,仙林校区,众创空间422,2,12,72,0
6020370,社会保障专业英语,2,,政府管理学院,鲍晓鸣,仙林校区,仙Ⅰ-211,1,18,36,0
91040010,西方宗教经典与当代世界,2,,哲学学院,孟振华,仙林校区,仙Ⅱ-104,1,18,66,0
11030000,数理统计,3,,数学学院,潘茂林,仙林校区,仙Ⅱ-305,1,18,120,0
61001110,书法的创意凝练与工艺呈现,2,,海外教育学院,周同科,仙林校区,众创空间422,2,17,114,0
18001760,人工智能在医学影像技术中的应用,2,,电子科学与工程学院,"陈颖,徐寒子,龚黎,金志斌,周依娜,孔文韬,袁杰,黄晓林",仙林校区,基础实验楼丙405,4,15,114,0
17010350,大气环流,2,,大气科学学院,张洋,仙林校区,仙Ⅱ-110,3,18,29,0
5010460,媒介案例研究,2,,新闻传播学院,"胡菡菡,夏倩芳,白净,钱宇星,孙信茹,骆正林,周奕欣,庄永志,朱丽丽,尚可可,周海燕",鼓楼校区,南教-202,4,18,119,0
78005740,外国科幻文学史,2,,全球人文研究院,戴从容,苏州校区,南雍-东124,2,12,68,0
10083010,法语高级写作（一）,2,,外国语学院,NICOLAS MONBERTRAND,仙林校区,仙Ⅰ-507,1,18,29,0
19003340,物理化学（上）,4,,现代工程与应用科学学院,于振涛,仙林校区,逸A-322,1,18,116,0
30000580,复杂结构数据挖掘,2,,人工智能学院,黎铭,仙林校区,仙Ⅰ-324,1,18,123,0
32010280,世界政治文献选读（上）,2,,国际关系学院,常娜,仙林校区,仙Ⅰ-322,1,18,128,0
11090320,双曲型偏微分方程,3,,数学学院,阮卓娉,鼓楼校区,教105,1,18,127,0
10020210,高级俄语应用（三）,3,,外国语学院,"汪磊,张俊翔",仙林校区,仙Ⅰ-512,1,18,35,0
90212301,编译原理,3,,智能软件与工程学院,陈林,苏州校区,苏教B209,1,18,69,0
78005620,代谢与健康,2,,医学院,王宏宇,鼓楼校区,新教-202,2,18,73,0
341560,“智者生存”——现代灾难救援理念与技术,2,,医学院,"王婷婷,沈苏南,肖瑞,徐国梅",鼓楼校区,教101,8,9,130,0
9010230,劳动经济学,2,,商学院,曲兆鹏,仙林校区,逸A-213,1,18,72,0
90113406,医学人工智能,2,,智能科学与技术学院,房钰棋,苏州校区,南雍-西209,1,18,62,0
8010190,环境社会学,2,,社会学院,马道明,仙林校区,仙Ⅱ-414,1,18,32,0
10010330,英语学术写作（上）,2,,外国语学院,刘润泽,仙林校区,仙Ⅰ-214,1,18,114,0
19002280,高分子材料科学,4,,现代工程与应用科学学院,"姚亚刚,田野",仙林校区,仙Ⅱ-310,1,18,61,0
27030540,人工智能伦理与人文,2,,工程管理学院,王正礼,鼓楼校区,馆1-204,4,18,66,0
19003100,普通物理（力学）,2,,现代工程与应用科学学院,袁洪涛,鼓楼校区,教114,4,18,71,0
28011060,中国古代文学,2,,海外教育学院,张斌,鼓楼校区,馆1-202,1,18,63,0
2200260,博物馆学经典文献导读,2,,历史学院,赵星宇,仙林校区,仙Ⅰ-211,1,18,36,0
27000220,数值分析与计算软件,2,,工程管理学院,温丹苹,仙林校区,仙Ⅱ-403,1,18,38,0
14100850,高阶生物化学,2,,生命科学学院,丁智,仙林校区,仙Ⅱ-112,4,15,39,0
9050430,管理会计,2,,商学院,冯巧根,仙林校区,逸C-209,1,18,124,0
18060140,半导体物理,4,,电子科学与工程学院,"王军转,余林蔚",仙林校区,仙Ⅱ-406,1,18,78,0
41000240,学术论文写作,2,,大学外语部,陈桦,仙林校区,仙Ⅰ-414,1,18,62,0
15050080,水文地球化学,2,,地球科学与工程学院,叶淑君,仙林校区,逸C-202,11,18,39,0
6040370,公共管理的质性方法,2,,政府管理学院,吴少微,仙林校区,仙Ⅱ-301,1,18,120,0
10010350,英语学术规范与论文写作（上）,2,,外国语学院,"俞希,周丹丹",仙林校区,仙Ⅰ-507,1,18,122,0
8010900,老龄化与社会,2,,社会学院,卓唯佳,仙林校区,仙Ⅱ-414,1,18,36,0
3001580,法律职业伦理,2,,法学院,熊静波,仙林校区,仙Ⅰ-206,1,18,33,0
399140,“科学之光”——神“机”妙算：跟我走进计算机的世界,1,,公共课程,"仝伟,仲盛,张渊,华景煜,毛云龙",鼓楼校区,教101,8,15,127,0
27000180,数据挖掘,2,,工程管理学院,刘海飞,仙林校区,仙Ⅰ-115,1,18,115,0
2111100,蒙元时代书画研究专题,2,,历史学院,陈波,仙林校区,仙Ⅰ-506,1,18,76,0
1030040,《史记》研究,2,,文学院,黄若舜,仙林校区,仙Ⅱ-407,1,18,63,0
28020210,教育心理学,2,,海外教育学院,张军凤,仙林校区,仙Ⅰ-204,1,18,126,0
201880,和平学视域下的欧洲近现代史,2,,历史学院,刘成,鼓楼校区,新教-301,8,15,65,0
200740,现代城市生态与环境学,2,,生命科学学院,李建龙,鼓楼校区,新教-301,6,13,66,0
10082970,职业交际法语（一）,2,,外国语学院,NICOLAS MONBERTRAND,仙林校区,仙Ⅰ-507,1,18,113,0
10070290,朝鲜（韩国）学论文写作,2,,外国语学院,徐黎明,仙林校区,仙Ⅱ-418,1,18,34,0
2111340,档案与中国近现代史,2,,历史学院,"马琳,何鑫",仙林校区,仙Ⅱ-101,1,18,27,0
9050440,财务管理,2,,商学院,董睿,仙林校区,逸C-114,1,18,110,0
4011660,法国思想：从存在主义到后结构主义,2,,哲学学院,IDDO MENASHE DICKMANN,仙林校区,仙Ⅰ-113,1,18,30,0
78006420,人工智能在水科学典型场景中的研用,2,,地球科学与工程学院,"王栋,蒋建国,吴吉春",仙林校区,仙Ⅱ-105,2,13,23,0
4010640,当代西方大众文化理论,2,,哲学学院,刘怀玉,仙林校区,仙Ⅰ-322,1,18,129,0
90313303,微处理器与嵌入式系统,4,,集成电路学院,方元,苏州校区,南雍-东218,1,18,79,0
17011060,人工智能赋能城市气候数值模拟,2,,大气科学学院,张宁,仙林校区,基础实验楼丙502,1,12,62,0
28010140,简明中国历史,2,,海外教育学院,韩亮,鼓楼校区,馆1-102,1,18,114,0
302900,人工智能商业模式与风险治理,2,,信息管理学院,袁勤俭,仙林校区,仙Ⅰ-322,2,18,60,0
12010290,量子场论,4,,物理学院,夏力钢,鼓楼校区,新教-107,4,18,20,0
523190,学府双记：中国现代史上的中央大学、金陵大学,2,,公共课程,蒋宝麟,仙林校区,仙Ⅰ-211,8,15,72,0
6010650,比较政治参与,2,,政府管理学院,肖唐镖,仙林校区,仙Ⅰ-510,1,18,119,0
6020020,保险精算,3,,政府管理学院,范克新,仙林校区,仙Ⅰ-210,1,18,22,0
300050,走进东亚语言文化,2,,外国语学院,"李锦花,张福通,刘东波,吴玉梅",苏州校区,南雍-西353,2,17,70,0
11090700,代数专题选讲,3,,数学学院,吴婷,鼓楼校区,教205,3,18,27,0
13030860,流动化学导论,3,,化学化工学院,王晓,仙林校区,仙Ⅱ-111,4,18,76,0
5010720,传播理论前沿,2,,新闻传播学院,胡翼青,仙林校区,新闻传播学院309,4,18,123,0
9070340,管理信息系统(双语）,2,,商学院,杨雪,仙林校区,逸C-203,1,18,117,0
10080170,英美诗歌研究,2,,外国语学院,"孙红卫,赵文书",仙林校区,仙Ⅱ-317,1,18,66,0
2110580,西方旅行者眼中的中国,2,,历史学院,EBENVONRACKNITZ,仙林校区,自由地点,1,18,22,0
28030090,社会热点讨论,4,,海外教育学院,张全真,鼓楼校区,馆1-202,1,18,110,0
24000010,名师导学,2,,匡亚明学院,董昊,仙林校区,匡亚明学院405,4,18,77,0
202400,功能高分子材料现状与挑战,2,,化学化工学院,袭锴,鼓楼校区,新教-101,7,14,26,0
15040390,水资源利用,1,,地球科学与工程学院,徐红霞,仙林校区,逸C-202,1,9,122,0
4011470,希腊语,3,,哲学学院,方蔚林,仙林校区,仙Ⅱ-113,4,18,79,0
61000530,创业团队管理,1,,商学院,李虎,仙林校区,仙Ⅰ-112,3,10,69,0
10030290,高级日语,4,,外国语学院,李斌,仙林校区,仙Ⅰ-112,1,18,129,0
11090570,走进数学,1,,数学学院,秦厚荣,鼓楼校区,费A-202,8,15,32,0
23000440,基础生命支持,1,,医学院,"王婷婷,沈苏南,肖瑞,徐国梅",鼓楼校区,馆1-407,4,18,71,0
9010640,货币银行学,2,,商学院,"周耿,王宇伟",仙林校区,逸B-101,1,18,113,0
300170,通识物理,2,,物理学院,王骏,鼓楼校区,教121,2,18,126,0
19003690,医学人工智能,2,,现代工程与应用科学学院,CHRISTOPHER JOSEPH BUTCH,仙林校区,现代工程与应用科学学院X401教室,1,18,76,0
10030300,日语口译理论与实践,2,,外国语学院,刘东波,仙林校区,仙Ⅰ-527,1,18,28,0
302830,人工智能应用与伦理向度,1,,社会学院,"NGUYEN CAM TU,罗小男,肖承丽,陈昌凯",仙林校区,仙Ⅱ-109,7,14,121,0
8030110,心理咨询与治疗理论,3,,社会学院,申宇辰,仙林校区,仙Ⅱ-524,1,18,68,0
90113401,符号机器学习,2,,智能科学与技术学院,戴望州,苏州校区,南雍-西410,1,18,72,0
15030120,地下工程,2,,地球科学与工程学院,赵晓豹,仙林校区,逸C-203,1,18,74,0
12001320,纳米技术和物理,3,,物理学院,杜灵杰,鼓楼校区,南教-201,4,18,33,0
32010170,国际法,2,,国际关系学院,张诗奡,仙林校区,仙Ⅰ-502,1,18,70,0
32010270,比较政治学,2,,国际关系学院,姚远,仙林校区,仙Ⅰ-502,1,18,127,0
24020070,电动力学,3,,匡亚明学院,张小鹏,仙林校区,仙Ⅱ-216,1,18,28,0
399510,“科学之光”（青年学者系列）——药物发现,1,,生命科学学院,吴旭东,鼓楼校区,新教-103,4,14,79,0
10083870,日语古典语法,2,,外国语学院,黄一丁,仙林校区,仙Ⅰ-315,1,18,28,0
7020540,软件与系统安全,2,,信息管理学院,司徒凌云,仙林校区,仙Ⅱ-412,1,18,35,0
38060030,空气污染气象学,2,,南京赫尔辛基大气与地球系统科学学院,"李蒙蒙,王玉婷,董新奕",苏州校区,南雍-东218,1,18,32,0
9010580,行为经济学,3,,商学院,卢云峰,仙林校区,逸B-201,1,18,123,0
302770,人工智能的哲学与社会反思,1,,哲学学院,"张翼,张亮,肖承丽,刘鹏",仙林校区,仙Ⅱ-114,4,12,76,0
78006300,中华风雅颂——读诗品中国,2,,海外教育学院,"李春享,鲍欢",鼓楼校区,馆1-102,4,18,22,0
21010570,天体物理辐射理论,4,,天文与空间科学学院,陈阳,仙林校区,天文与空间科学学院222,3,18,120,0
5030660,演播室节目制作,2,,新闻传播学院,尤浩,仙林校区,新闻传播学院208室,1,18,39,0
9070280,ERP原理与应用,2,,商学院,姜杨,仙林校区,逸C-202,1,18,77,0
22010310,软件工程,3,,计算机学院,"李宣东,王豫,王林章,张天",仙林校区,仙Ⅰ-319,1,18,31,0
18001300,数字系统实验I,1,,电子科学与工程学院,"姜乃卓,郑江,陈瞻,王育昕,高健,戚海峰",仙林校区,基础实验楼丙414、402、413、418、415  电子信息专业实验教学中心,10,18,78,0
300120,美育与审美,2,,艺术学院,"袁帅,赵奎英,孙琳,李健",仙林校区,仙Ⅱ-403,3,13,62,0
90411203,概率论与数理统计,3,,数字经济与管理学院,黄海涛,苏州校区,南雍-西410,1,18,72,0
28010990,词汇与中国文化,2,,海外教育学院,王晓白,鼓楼校区,馆1-202,1,18,73,0
341610,智创无穹：创新药物的研发与产业化,1,,创新创业课程,刘原,仙林校区,仙Ⅰ-324,8,15,23,0
7040110,出版文化学,2,,信息管理学院,徐雁,仙林校区,仙Ⅱ-415,1,18,75,0
399750,“科学之光”（青年学者系列）——环境功能材料：从纳米到千米的旅程,1,,环境学院,"张孝林,张延扬",鼓楼校区,新教-305,7,14,80,0
29030080,建筑与规划设计（四）（模块）,4,,建筑与城市规划学院,"罗震东,乔艺波,尹海伟,徐逸伦,石飞",鼓楼校区,建良楼211,1,18,26,0
90412201,中国特色社会主义政治经济学,3,,数字经济与管理学院,"吴越,任保平",苏州校区,南雍-西410,1,18,21,0
6010220,政治心理学,2,,政府管理学院,王海洲,仙林校区,仙Ⅰ-510,1,18,72,0
14010240,人工智能生物学,3,,生命科学学院,"陈迪俊,陈加余,周祯",仙林校区,生命科学学院C512,1,18,27,0
10060150,基础西班牙语（一）,8,,外国语学院,"裴枫,莫娅妮",鼓楼校区,教204,4,18,113,0
38100030,气溶胶物理,2,,南京赫尔辛基大气与地球系统科学学院,Stephen Thomas Ingram,苏州校区,南雍-西353,1,8,24,0
24020190,神经网络,2,,匡亚明学院,"郭亚冲,王炜",仙林校区,仙Ⅱ-104,1,18,118,0
29030210,计算机辅助技术（脚本编程）,2,,建筑与城市规划学院,吉国华,鼓楼校区,建良楼105南雍讲堂,4,18,73,0
10082360,中西比较戏剧,2,,外国语学院,陈畅,仙林校区,仙Ⅰ-510,1,18,78,0
30000220,数字信号处理,2,,人工智能学院,王魏,仙林校区,逸A-322,1,18,66,0
6040300,公共行政学史,2,,政府管理学院,张乾友,仙林校区,仙Ⅰ-317,1,18,65,0
20030690,当代给水与废水处理原理,2,,环境学院,胡海冬,仙林校区,仙Ⅱ-403,4,18,65,0
20130190,环境经济学,2,,环境学院,张三峰,仙林校区,环科楼B-106,1,18,120,0
13031140,人工智能与化学,2,,化学化工学院,"马晶,王国强",仙林校区,仙Ⅱ-415,4,18,110,0
17010410,水文气象,2,,大气科学学院,袁慧玲,仙林校区,仙Ⅱ-301,3,18,30,0
10050160,德语社会与人文（一）,3,,外国语学院,"常玲玲,孔德明,刘健",仙林校区,仙Ⅰ-323,1,18,71,0
8010130,城市社会学,3,,社会学院,胡小武,仙林校区,仙Ⅱ-109,1,18,39,0
78005880,课程与教学论,2,,教育研究院,汪雅霜,仙林校区,仙Ⅱ-211,2,18,33,0
78003470,近代中日关系史,2,,历史学院,翟意安,仙林校区,仙Ⅱ-305,2,18,111,0
360020,艺术、情感与表达,2,,艺术学院,童强,鼓楼校区,馆1-105,2,18,122,0
30000090,人工智能导引,1,,人工智能学院,"周志华,黎铭",鼓楼校区,馆3-201,4,18,117,0
28010750,语法偏误分析,2,,海外教育学院,徐昌火,鼓楼校区,馆1-102,1,18,80,0
22000160,数字逻辑与计算机组成,4,,计算机学院,杨若瑜,仙林校区,仙Ⅱ-404,1,18,80,0
30000100,概率论与数理统计,4,,人工智能学院,高尉,仙林校区,仙Ⅱ-405,1,18,130,0
340020,海洋与人类社会,3,,地理与海洋科学学院,"于谦,汪亚平,高抒",仙林校区,仙Ⅰ-207,2,18,72,0
7000690,职业生涯规划,2,,信息管理学院,刘千里,仙林校区,仙Ⅱ-319,1,18,74,0
8010370,人口社会学,2,,社会学院,"陈友华,徐愫",仙林校区,仙Ⅱ-319,1,18,125,0
10082450,英语翻译理论与实践（一）,2,,外国语学院,"刘润泽,黄鑫宇",仙林校区,仙Ⅰ-509,1,18,24,0
303060,走近生命支持,3,,医学院,虞文魁,鼓楼校区,教103,3,18,61,0
3000270,劳动与社会保障法,2,,法学院,周长征,仙林校区,仙Ⅱ-403,1,18,22,0
10083140,基础日语实践（一）,4,,外国语学院,庄倩,鼓楼校区,新教-104,4,18,68,0
372460,人类形体进化与美感,2,,医学院,"王勇,刘芹,李茹恬",苏州校区,南雍-东116,4,16,78,0
20030360,水污染控制工程,4,,环境学院,"许柯,王瑾丰,任洪强",仙林校区,环科楼B-105,1,18,71,0
201240,网络信息资源：小窗口，大世界,2,,信息管理学院,"潘雪莲,闵超",鼓楼校区,新教-405,7,14,73,0
20120050,环境生物学,3,,环境学院,尹颖,仙林校区,环科楼B-112,1,18,39,0
9090220,企业伦理与社会责任,2,,商学院,邹一诺,仙林校区,逸C-210,1,18,34,0
14100250,表观遗传学,2,,生命科学学院,赵权,仙林校区,仙Ⅱ-416,1,18,74,0
11010210,模论与表示论初步,3,,数学学院,刘公祥,仙林校区,逸A-322,1,18,117,0
28020730,中国文化通论,2,,海外教育学院,赵文书,仙林校区,逸B-201,1,18,32,0
27030510,应用统计III：多元统计,2,,工程管理学院,徐红利,鼓楼校区,馆1-407,4,18,69,0
78000400,声乐基础,2,,共青团南京大学委员会,陈晓艳,仙林校区,大学生活动中心南青报告厅,2,17,122,0
5000110,国情教育,2,,新闻传播学院,季晓敏,仙林校区,新闻传播学院111紫金报告厅,7,18,40,0
22010800,软件测试,2,,计算机学院,"聂长海,吴化尧",仙林校区,仙Ⅰ-317,1,18,21,0
90412304,金融经济学,3,,数字经济与管理学院,宋婕,苏州校区,南雍-西353,1,18,27,0
11011020,泛函分析（续）,3,,数学学院,秦理真,鼓楼校区,教108,1,18,22,0
11012040,基础数论,3,,数学学院,孙智伟,鼓楼校区,教105,1,18,123,0
14110070,生理心理学,2,,生命科学学院,"张潇洋,朱景宁",仙林校区,仙Ⅱ-117,1,18,118,0
12040040,数字信号处理,3,,物理学院,"郭霞生,王淑萍",仙林校区,仙Ⅰ-317,1,18,29,0
302930,心智：认知神经科学的视角,2,,社会学院,周仁来,苏州校区,南雍-西447,2,18,62,0
5001010,基础写作,2,,新闻传播学院,刘驰,仙林校区,仙Ⅱ-306,1,18,129,0
10083260,德语文化选读（一）,2,,外国语学院,陈民,仙林校区,仙Ⅰ-408,1,18,69,0
15030220,生态工程地质,2,,地球科学与工程学院,泮晓华,仙林校区,逸C-203,1,18,118,0
20030610,环境工程原理,3,,环境学院,龙超,仙林校区,环科楼B-112,1,18,22,0
78000390,钢琴基础,2,,艺术学院,范丽甍,仙林校区,大学生活动中心320,2,18,38,0
28010780,正音,2,,海外教育学院,李春享,鼓楼校区,教204,4,18,24,0
12001220,量子力学导论,3,,物理学院,崔著钫,仙林校区,仙Ⅰ-324,1,18,69,0
16040870,世界地理,2,,地理与海洋科学学院,"毛熙彦,王成龙,漆信贤,古恒宇,居阳,钟太洋,汪侠,金晓斌,张宏磊,张振克",仙林校区,仙Ⅰ-101,1,18,63,0
1032500,现代剧场艺术,2,,文学院,李茜,仙林校区,仙Ⅰ-117,1,18,27,0
19002420,材料化学实验,2,,现代工程与应用科学学院,"鲁振达,高峰",仙林校区,基础实验楼乙511,1,18,62,0
22020370,人工智能,3,,计算机学院,"高阳,霍静",仙林校区,仙Ⅰ-317,1,18,121,0
15020070,经济地质学,3,,地球科学与工程学院,"陆建军,章荣清",仙林校区,逸B-111,2,18,118,0
9020360,国际经济学,2,,商学院,于津平,仙林校区,逸B-301,1,18,64,0
80030080,材料分析前沿技术与创新应用实践,2,,集成电路学院,DINGSUNAN,苏州校区,苏教B207,1,18,66,0
19001380,半导体物理学,2,,现代工程与应用科学学院,殷江,仙林校区,仙Ⅰ-207,4,18,116,0
13010150,现代仪器分析,3,,化学化工学院,"许丹科,闵乾昊,陈云龙",仙林校区,仙Ⅱ-407,1,18,118,0
19002540,现代信息光电子学,4,,现代工程与应用科学学院,"徐挺,陈向飞,霍鹏程",仙林校区,仙Ⅱ-110,1,18,39,0
25011240,服务端开发,3,,软件学院,"周鑫,周文宗,胡旷伋,顾洛玮",鼓楼校区,费A-318,1,18,78,0
22020250,数据库概论,3,,计算机学院,柏文阳,仙林校区,仙Ⅱ-319,1,18,36,0
8010280,性别研究导论,2,,社会学院,周培勤,仙林校区,仙Ⅱ-307,1,18,67,0
2200070,新石器时代考古,2,,历史学院,赵东升,仙林校区,仙Ⅰ-114,1,18,118,0
41000330,实用法律英语,2,,大学外语部,宋玉龙,仙林校区,仙Ⅰ-318,1,18,110,0
10080270,应用语言学,2,,外国语学院,周丹丹,仙林校区,仙Ⅰ-513,1,18,77,0
91070090,信息计量学与科学计量学研讨,2,,信息管理学院,潘雪莲,仙林校区,仙Ⅱ-501,1,18,25,0
77002870,International Relations of East Asia,2,,外国语学院,吴玉梅,仙林校区,仙Ⅰ-102,2,18,35,0
13010030,仪器分析,4,,化学化工学院,"丁霖,吴洁",仙林校区,仙Ⅱ-111,1,18,32,0
5000230,新媒体技术应用,2,,新闻传播学院,白净,仙林校区,基础实验楼乙110,1,18,69,0
11090350,计算机网络,3,,数学学院,苏丰,仙林校区,仙Ⅱ-104,1,18,124,0
5020110,消费者行为学,2,,新闻传播学院,温乃楠,仙林校区,仙Ⅱ-512,1,18,70,0
3002000,担保法实务,2,,法学院,罗亚文,仙林校区,仙Ⅱ-317,1,18,33,0
4000040,哲学问题,2,,哲学学院,"刘鹏,张亮,邵佳德",鼓楼校区,教102,4,18,64,0
17010560,动力气象,3,,大气科学学院,张熠,仙林校区,仙Ⅱ-415,1,18,25,0
90311208,数据结构与算法概论,2,,集成电路学院,陆显扬,苏州校区,苏教A207,1,18,123,0
43000030,中国共产党史,3,,马克思主义学院,"熊秋良,王建华",仙林校区,仙Ⅰ-317,1,18,22,0
14100370,病理生理学,2,,生命科学学院,"吴旭东,吴天聪,王珍珍",仙林校区,仙Ⅱ-114,1,18,72,0
10081920,社会语言学,2,,外国语学院,俞希,仙林校区,仙Ⅰ-510,1,18,129,0
5000600,影视理论与研究方法,2,,新闻传播学院,朱丽丽,仙林校区,仙Ⅱ-513,1,18,34,0
7020420,大数据系统原理与应用,3,,信息管理学院,石进,仙林校区,仙Ⅱ-213,1,18,120,0
201850,好莱坞电影中的地球科学,2,,地球科学与工程学院,周斌,鼓楼校区,新教-304,4,13,30,0
12030260,粒子物理与核物理实验方法,2,,物理学院,闵天觉,鼓楼校区,教108,4,18,36,0
340050,探索免疫与疾病的奥秘,2,,医学院,"刘耕,迟亮,高慧明",鼓楼校区,费A-201,2,18,127,0
200650,能源与化学,2,,化学化工学院,"胡征,杨立军",鼓楼校区,新教-204,7,14,62,0
14130070,全球变化生态学,2,,生命科学学院,周长芳,仙林校区,仙Ⅱ-301,1,18,127,0
6040020,公共经济学,2,,政府管理学院,陈志广,仙林校区,仙Ⅰ-322,1,18,26,0
12000060,近代物理,3,,物理学院,"谭新生,于扬",仙林校区,仙Ⅰ-103,1,18,115,0
42020,减脂理论与实践1,0.75,,体育部,陈刚,仙林校区,四组团二楼,1,18,76,0
38080040,地理信息系统原理,2,,南京赫尔辛基大气与地球系统科学学院,吕明阳,苏州校区,南雍-东318,1,18,119,0
10030200,日语视听说（一）,2,,外国语学院,李斌,鼓楼校区,新教-204,4,18,61,0
3001950,法律英语（英语）,2,,法学院,孙雯,仙林校区,仙Ⅰ-114,1,18,76,0
29040030,人居环境导论,2,,建筑与城市规划学院,"于涛,鲁安东",鼓楼校区,费A-310,4,18,63,0
10030320,日语基础写作,2,,外国语学院,MANDA KEITA,仙林校区,仙Ⅰ-111,1,18,75,0
202660,德语文学法律书写中的“人”,2,,外国语学院,"刘健,陈民",鼓楼校区,新教-408,7,14,115,0
12010380,人工智能与声学,2,,物理学院,"梁彬,杨京",仙林校区,仙Ⅱ-306,2,17,35,0
22010790,网络安全实验,2,,计算机学院,吴迎红,仙林校区,基础实验楼乙206,1,18,80,0
18001330,大学物理III,2,,电子科学与工程学院,朱博,仙林校区,仙Ⅱ-504,1,18,77,0
20020060,人工智能在健康水领域的应用,1,,环境学院,"黄辉,王瑾丰,胡海冬",仙林校区,仙Ⅱ-307,1,6,22,0
78006660,迷人的微纳世界,2,,医学院,刘吉梓,仙林校区,仙Ⅰ-113,4,14,61,0
9010220,发展经济学,2,,商学院,"高波,赵华",仙林校区,逸C-115,1,18,119,0
5010700,中国新闻史,2,,新闻传播学院,刘晓伟,仙林校区,仙Ⅱ-113,1,18,120,0
3001710,刑事诉讼法学,2,,法学院,"狄小华,秦宗文",仙林校区,仙Ⅰ-102,1,18,74,0
13030270,胶体与界面化学,2,,化学化工学院,杜学忠,仙林校区,仙Ⅱ-103,1,18,110,0
21000090,原子物理,2,,天文与空间科学学院,陈燕梅,仙林校区,仙Ⅰ-203,1,18,111,0
4010120,马克思主义哲学原理,3,,哲学学院,黄玮杰,仙林校区,仙Ⅱ-114,1,18,27,0
17010930,高等地球流体力学,3,,大气科学学院,"房佳蓓,杨修群",仙林校区,仙Ⅱ-110,3,17,70,0
10040100,法语语言文学通论,2,,外国语学院,"张晓明,张璐",仙林校区,仙Ⅰ-506,1,18,123,0
8010650,健康社会学,2,,社会学院,柴向南,仙林校区,仙Ⅱ-307,1,18,33,0
29020250,区域发展与规划,2,,建筑与城市规划学院,"翟国方,胡洋,冯建喜",鼓楼校区,建良楼211,1,18,37,0
21010540,人工智能在天文中的应用,2,,天文与空间科学学院,郝奇,仙林校区,仙Ⅱ-102,2,18,29,0
340080,高分子材料与社会发展,2,,化学化工学院,"袭锴,陈尚尚",仙林校区,仙Ⅰ-319,2,18,79,0
12040220,流体力学,3,,物理学院,程利平,仙林校区,仙Ⅱ-319,1,18,112,0
10083200,德语初级视听说（一）,2,,外国语学院,常晅,鼓楼校区,新教-104,4,18,78,0
8020020,个案工作,3,,社会学院,沈晖,仙林校区,仙Ⅰ-209,1,18,38,0
18001630,电子科学与技术专业导学,1,,电子科学与工程学院,"张蜡宝,冯一军,金飚兵,伍瑞新,陈健",鼓楼校区,教201,7,14,20,0
9020170,世贸组织概论,2,,商学院,张雨,仙林校区,逸B-209,1,18,40,0
38010020,北欧文化与社会,2,,南京赫尔辛基大气与地球系统科学学院,陈志红,鼓楼校区,费A-302,4,18,31,0
18010410,电磁场理论与微波技术,3,,电子科学与工程学院,"陈克,冯一军",仙林校区,仙Ⅱ-404,1,18,111,0
12040340,声学材料,2,,物理学院,张志旺,鼓楼校区,教104,1,18,29,0
202450,格物与造物：生命活动的解码与重编程,2,,医学院,"甘振继,刘江怀",鼓楼校区,新教-301,6,17,121,0
10050200,语篇分析与德语学术写作（一）,2,,外国语学院,"刘健,孔德明",仙林校区,仙Ⅰ-116,1,18,68,0
23000380,药理学,3,,医学院,"吴锦慧,吴俊华,杜荣辉,袁阿虎",鼓楼校区,新教-107,1,18,28,0
90411202,数字经济学,3,,数字经济与管理学院,魏婕,苏州校区,南雍-西410,1,18,68,0
11011070,调和分析,3,,数学学院,阮卓娉,鼓楼校区,教205,1,18,110,0
201060,法国文学作品欣赏,2,,外国语学院,刘成富,鼓楼校区,新教-202,8,15,124,0
15010310,计算地球科学,2,,地球科学与工程学院,"陆现彩,汪恺,尹宏伟,刘显东",仙林校区,基础实验楼丙102,2,18,110,0
20120120,环境微生物学,4,,环境学院,杨柳燕,仙林校区,环科楼B-106,1,18,36,0
12040100,计算声学,3,,物理学院,陶超,鼓楼校区,教108,4,18,117,0
8010100,经济社会学,3,,社会学院,段新星,仙林校区,仙Ⅱ-109,1,18,30,0
6040380,公共预算,2,,政府管理学院,韩雁冰,仙林校区,仙Ⅱ-319,1,18,127,0
13020040,精细化学品导论,2,,化学化工学院,"周政,揭克诚",仙林校区,化学化工学院D408,3,18,125,0
17010490,大气数值模拟试验,2,,大气科学学院,杨犇,仙林校区,基础实验楼（预报台）丙502,1,15,64,0
2110410,中华民国史专题,2,,历史学院,蒋宝麟,仙林校区,仙Ⅰ-509,1,18,118,0
18001510,物理学的进化及量子物理突破,2,,电子科学与工程学院,陈鹏,仙林校区,仙Ⅰ-320,3,18,67,0
25000700,C语言程序设计基础,3,,软件学院,王慧妍,鼓楼校区,费A-202,4,18,23,0
29021030,城市大数据与智慧规划,2,,建筑与城市规划学院,"张姗琪,甄峰,席广亮,秦萧",鼓楼校区,馆1-202,1,18,24,0
202690,数据之眼,2,,软件学院,刘嘉,鼓楼校区,新教-304,8,15,69,0
7040300,出版物编辑,3,,信息管理学院,吴燕,仙林校区,仙Ⅰ-316,1,18,112,0
5020040,广告策略与创意,2,,新闻传播学院,"马文,马志浩",仙林校区,仙Ⅱ-102,1,18,68,0
2200130,旧石器时代考古,2,,历史学院,张敬雷,仙林校区,仙Ⅰ-215,1,18,113,0
17010010,大气科学概论,3,,大气科学学院,"袁慧玲,刘红年",仙林校区,仙Ⅱ-317,1,16,115,0
91150020,现代地质工程技术与实践,2,,地球科学与工程学院,顾凯,仙林校区,逸C-202,1,18,37,0
13000200,化学合成与表征II,3,,化学化工学院,"戴洁,李伟鹏,杨秀秀,胡佩,何卫江,黄伟,程旭",仙林校区,基础实验楼甲501、502、503、504,1,18,121,0
37100700,宗教与文化,2,,哲学学院,陈林,仙林校区,仙Ⅰ-206,2,18,126,0
22010030,算法设计与分析,4,,计算机学院,郑朝栋,仙林校区,仙Ⅰ-103,1,18,64,0
3001790,合同法,2,,法学院,尚连杰,仙林校区,仙Ⅰ-216,1,18,34,0
6040630,数据政策,2,,政府管理学院,李鹏,仙林校区,仙Ⅱ-113,1,18,78,0
15090100,地震学,3,,地球科学与工程学院,翁辉辉,仙林校区,逸C-202,2,18,113,0
1032340,中国文学批评,2,,文学院,徐亦然,仙林校区,仙Ⅱ-421,1,18,120,0
29030050,建筑与规划设计（一）(模块),4,,建筑与城市规划学院,"尹航,何仲禹,孟宪川,吴佳维",鼓楼校区,"建良楼106,108,110,112",1,18,80,0
372180,媒体人文,2,,艺术学院,高薪,鼓楼校区,教102,5,18,67,0
10081400,英语修辞赏析与研究,2,,外国语学院,张翼,鼓楼校区,新教-104,4,18,62,0
9010620,财政学,2,,商学院,贾鹏飞,仙林校区,逸C-115,1,18,29,0
6020440,数据分析与计量方法应用,2,,政府管理学院,唐雅,仙林校区,仙Ⅰ-211,1,18,22,0
78005000,营养引领健康中国,2,,医学院,王新颖,鼓楼校区,费A-310,2,18,28,0
5010760,新闻传播学术论文写作,2,,新闻传播学院,马文,仙林校区,仙Ⅱ-217,1,18,26,0
37100570,人体结构与疾病,2,,医学院,沈苏南,鼓楼校区,教101,3,18,74,0
201800,走进量子世界,2,,物理学院,沈瑞,鼓楼校区,新教-502,7,14,130,0
20050020,科技文献阅读与写作,2,,环境学院,"赵丽娟,张淑娟",仙林校区,环科楼B-105,1,18,64,0
372430,化学史与化学哲学,3,,匡亚明学院,曾桂香,仙林校区,仙Ⅱ-103,2,18,114,0
10082780,俄语阅读进阶（一）,2,,外国语学院,赵杨,仙林校区,仙Ⅰ-509,1,18,75,0
20130530,环境规划与管理,2,,环境学院,"毕军,刘苗苗,刘蓓蓓",仙林校区,环科楼B-112,1,18,126,0
19003280,导波光学,2,,现代工程与应用科学学院,宋跃江,仙林校区,仙Ⅱ-112,4,18,38,0
29011590,外国建筑史,2,,建筑与城市规划学院,胡恒,鼓楼校区,馆1-104,1,18,72,0
29011600,建筑构造设计,2,,建筑与城市规划学院,"吴佳维,傅筱",鼓楼校区,馆1-104,1,18,65,0
202700,社会理论：从经典到当代,2,,社会学院,"成伯清,王佳鹏",鼓楼校区,新教-203,7,14,68,0
40210,拳击1,0.75,,体育部,谢坚,苏州校区,苏州西校区体育中心武术房1,1,18,73,0
5080040,复杂网络与人工智能,1,,新闻传播学院,尚可可,仙林校区,仙Ⅱ-101,13,18,63,0
5010520,数据新闻,2,,新闻传播学院,"孙永健,白净",仙林校区,仙Ⅰ-308,1,18,117,0
23010060,内科学,5,,医学院,沈山梅,鼓楼校区,教104,7,16,118,0
2111060,中华人民共和国史,2,,历史学院,孙扬,仙林校区,仙Ⅱ-310,1,18,38,0
19003160,普通物理（光学）,2,,现代工程与应用科学学院,徐飞,仙林校区,仙Ⅱ-504,1,18,79,0
9070250,电子商务经济学,2,,商学院,周诗豪,仙林校区,逸C-209,1,18,22,0
11090260,几何分析,3,,数学学院,陈学长,鼓楼校区,教105,1,18,68,0
200950,区域社会生态变迁比较研究,2,,历史学院,马俊亚,鼓楼校区,新教-408,8,15,70,0
38050020,天气学原理,3,,南京赫尔辛基大气与地球系统科学学院,陈婕,苏州校区,南雍-西353,1,18,24,0
43000120,政治经济学,2,,马克思主义学院,沈伯平,仙林校区,逸B-201,1,18,116,0
10080030,演讲与辩论,2,,外国语学院,陈星,鼓楼校区,新教-104,4,18,72,0
7020350,信息论基础,3,,信息管理学院,李江,仙林校区,仙Ⅱ-211,1,18,25,0
9080240,整合营销传播,3,,商学院,朱虹,仙林校区,逸C-209,1,18,39,0
37100330,“周易”与中国文化,2,,中国思想家研究中心,吴正岚,仙林校区,仙Ⅱ-110,2,18,118,0
14140012,生物化学,3,,生命科学学院,"刘新建,郭航天",仙林校区,仙Ⅱ-316,1,18,28,0
38040010,大气科学概论,3,,南京赫尔辛基大气与地球系统科学学院,"汪名怀,王玉婷",苏州校区,南雍-东318,1,18,121,0
29030300,人工智能空间规划,1,,建筑与城市规划学院,"张姗琪,甄峰,秦萧",鼓楼校区,馆1-202,10,18,65,0
6000110,中国政治制度史,2,,政府管理学院,李里峰,仙林校区,仙Ⅰ-209,1,18,28,0
20020010,环境健康前沿与实践,2,,环境学院,"袁增伟,陈张浩,范颖正,袁青彬,方文,林原,余倩,张延扬,陈良燕,李文涛,赵瑜,罗军,刘蓓蓓",鼓楼校区,教106,4,18,127,0
12010210,高等量子力学,5,,物理学院,王达,鼓楼校区,教120,4,18,28,0
61001940,手把手教你做机器人——从MCU到物联网智能机器人,1,,软件学院,"吴奕,仲盛",鼓楼校区,蒙民伟楼608,2,11,75,0
399080,“科学之光”——生命分析化学新时代,1,,公共课程,"王康,王伟,应佚伦,康斌,闵乾昊,江德臣,刘颖",鼓楼校区,教121,8,15,30,0
200090,高科技产品探究,2,,软件学院,邵栋,鼓楼校区,费彝民楼B-820,7,18,117,0
19003320,电动力学,3,,现代工程与应用科学学院,李涛,仙林校区,仙Ⅱ-104,1,18,130,0
9010650,产业经济学,2,,商学院,"安同良,吴福象",仙林校区,逸C-115,1,18,122,0
17010890,天气学原理,3,,大气科学学院,"明杰,顾剑峰",仙林校区,仙Ⅱ-315,1,18,115,0
19003200,电化学测量方法,3,,现代工程与应用科学学院,罗文俊,仙林校区,仙Ⅱ-216,1,18,118,0
32010310,东南亚研究,2,,国际关系学院,李途,仙林校区,仙Ⅰ-113,1,18,67,0
2111150,抗日战争研究,2,,历史学院,张生,仙林校区,仙Ⅰ-322,1,18,26,0
13031170,生物医用高分子,2,,化学化工学院,"陈伟芝,甄叙",仙林校区,仙Ⅱ-109,4,18,71,0
202730,走向卓越：大学本科生的高质量学习,2,,教育研究院,吕林海,鼓楼校区,新教-404,7,14,129,0
7040260,国际出版理论与实务,2,,信息管理学院,林佩,仙林校区,仙Ⅱ-116,1,18,63,0
11030420,数理逻辑I,3,,数学学院,喻良,鼓楼校区,教105,1,18,114,0
22000070,数据与计算,2,,计算机学院,窦万春,鼓楼校区,馆1-206,4,18,36,0
15040380,水环境保护,1,,地球科学与工程学院,阮晓红,仙林校区,逸B-208,1,9,31,0
399210,“科学之光”——揭开自然运作之谜,1,,公共课程,"徐驰,王玉,陈金琳,滕漱清,李忠秋,习新强,邵珠卿",鼓楼校区,教121,8,15,72,0
10082690,俄语跨文化交际（一）,2,,外国语学院,Aigul Salakhova,仙林校区,仙Ⅰ-503,1,18,110,0
11013060,代数几何,3,,数学学院,宗润弘,鼓楼校区,教203,1,18,62,0
10060090,西班牙语应用文写作,2,,外国语学院,Arnau Prieto Martinez,仙林校区,仙Ⅰ-512,1,18,115,0
10082950,实用交际法语（一）,2,,外国语学院,NICOLAS MONBERTRAND,鼓楼校区,新教-402,4,18,80,0
10020190,高级俄语应用（一）,4,,外国语学院,杨正,仙林校区,仙Ⅰ-508,1,18,68,0
78006320,紫砂艺术与中国书画专题研究,2,,艺术学院,袁帅,仙林校区,基础实验楼甲207-1,2,18,33,0
61001340,青年创业项目选择与经验分析,2,,创新创业课程,苏瑞娜,仙林校区,众创空间422,2,16,77,0
90413303,国际经济学,3,,数字经济与管理学院,师博,苏州校区,南雍-西447,1,18,20,0
10060220,西班牙语高级视听（三）,1,,外国语学院,李静,仙林校区,仙Ⅰ-511,1,18,28,0
78006200,纳米级分子成像技术,2,,化学化工学院,郑丽清,仙林校区,仙Ⅱ-310,4,18,21,0
6000060,经济学原理,3,,政府管理学院,刘丹鹭,仙林校区,仙Ⅱ-319,1,18,38,0
18060150,固体物理导论,2,,电子科学与工程学院,费再瑶,仙林校区,仙Ⅱ-304,1,18,119,0
7020190,定密理论与实务,2,,信息管理学院,"邵波,宋继伟",仙林校区,仙Ⅱ-413,1,18,74,0
25011460,软件安全,2,,软件学院,伏晓,鼓楼校区,费A-202,1,18,119,0
41000230,实用英语写作,2,,大学外语部,张沂昀,仙林校区,仙Ⅰ-420,1,18,40,0
399120,“科学之光”——先进功能材料——现代工程之“芯”,1,,公共课程,"祝名伟,杨玉荣,陈延峰,芦红,袁洪涛,孔德圣,闫世成,何平,卢明辉",鼓楼校区,教213,8,15,32,0
10010090,中国思想经典,2,,外国语学院,"任裕海,朱雪峰,孙红卫,陈兵,范浩",仙林校区,仙Ⅰ-519,1,18,31,0
78006190,免疫系统工作原理,2,,化学化工学院,范换换,仙林校区,仙Ⅱ-104,2,18,33,0
28010360,太极拳,2,,海外教育学院,杨新华,鼓楼校区,曾宪梓大厅,1,18,115,0
202640,形体管理——健康生活之道,2,,医学院,沈山梅,鼓楼校区,新教-402,7,18,40,0
9090200,战略人力资源管理,2,,商学院,程德俊,仙林校区,逸C-203,1,18,28,0
2111120,军机处满文档案研读,2,,历史学院,特木勒,仙林校区,仙Ⅰ-211,1,18,113,0
22011510,程序设计语言的形式语义,2,,计算机学院,梁红瑾,仙林校区,仙Ⅰ-102,1,18,68,0
10050220,研究方法与德语学术写作（一）,2,,外国语学院,孔德明,仙林校区,仙Ⅰ-116,1,18,35,0
6040610,数据分析与因果推断,2,,政府管理学院,翟晓祯,仙林校区,仙Ⅰ-324,1,18,64,0
303000,中医养生之道,2,,医学院,万毅刚,鼓楼校区,新教-402,2,18,33,0
90411102,政治经济学原理,3,,数字经济与管理学院,吴越,苏州校区,南雍-西217,2,18,39,0
2110950,海洋与文明,2,,历史学院,吴贺,鼓楼校区,费A-201,4,18,76,0
8010740,社会与心理科学导论,2,,社会学院,"周晓虹,翟学伟,雷杰,李文岐,许琪",鼓楼校区,费B-102,4,18,72,0
78006450,人工智能在数字人文与艺术中的应用,2,,艺术学院,"王涛,陈静",仙林校区,仙Ⅱ-114,2,18,29,0
10083470,西班牙语语音与会话（一）,2,,外国语学院,谭薇,鼓楼校区,新教-202,4,18,36,0
3001390,劳动与社会保障法（英语）,2,,法学院,周长征,仙林校区,仙Ⅰ-114,1,18,67,0
5000022,传播法规与伦理,2,,新闻传播学院,"胡菡菡,宗益祥",仙林校区,仙Ⅱ-505,1,18,116,0
6010640,当代政治哲学,2,,政府管理学院,陈肖生,仙林校区,仙Ⅰ-510,1,18,75,0
13030480,有机合成,2,,化学化工学院,"郑文华,王毅,陆红健",仙林校区,仙Ⅱ-110,1,18,74,0
10083590,朝鲜（韩国）语视听说（一）,2,,外国语学院,SOYOUNG YOO,鼓楼校区,新教-401,4,18,22,0
78001780,西方美术史,2,,艺术学院,杨秀娟,仙林校区,仙Ⅱ-406,2,18,35,0
6010520,当代西方政治制度,2,,政府管理学院,黄杰,仙林校区,仙Ⅰ-510,1,18,75,0
5030730,视频拍摄与编辑,2,,新闻传播学院,李晓峰,仙林校区,仙Ⅱ-315,1,18,75,0
3001520,刑法学（总论二）,2,,法学院,徐凌波,仙林校区,仙Ⅰ-101,1,18,69,0
2111180,文物学概论,2,,历史学院,殷洁,仙林校区,仙Ⅰ-211,1,18,37,0
8030500,心理学概论（下）,2,,社会学院,"张洪,佘壮,李文岐,周仁来,王东美,申宇辰,陈昌凯",仙林校区,仙Ⅰ-315,1,18,21,0
10081880,英语词汇学,2,,外国语学院,任裕海,仙林校区,仙Ⅰ-510,1,18,114,0
78006570,中意班概率统计,2,,数学学院,程伟,仙林校区,仙Ⅱ-211,8,15,73,0
2210120,宋元考古,2,,历史学院,曹洋,仙林校区,仙Ⅰ-215,1,18,60,0
27010070,货币银行学,2,,工程管理学院,苏彤,仙林校区,仙Ⅰ-102,1,18,28,0
19002870,量子光学,2,,现代工程与应用科学学院,"张利剑,胥亮",仙林校区,仙Ⅱ-403,4,18,40,0
5010730,新闻理论前沿,2,,新闻传播学院,王辰瑶,仙林校区,新闻传播学院309,4,18,124,0
14100710,iGEM设计与实践,2,,生命科学学院,"周祯,王秀秀,魏炜",仙林校区,仙Ⅱ-103,1,18,128,0
14000070,基础生物学技术,2,,生命科学学院,"吴新卫,周飞,李忠秋,习新强",仙林校区,生命科学学院C410,1,18,65,0
30000280,分布式与并行计算,2,,人工智能学院,谢磊,仙林校区,仙Ⅰ-206（合班）,1,18,23,0
2210360,古玉鉴赏与研究,2,,历史学院,吴桂兵,仙林校区,历史学院322,10,18,118,0
9060450,保险经济学,3,,商学院,孙武军,仙林校区,逸B-210,1,18,63,0
28011040,中国现当代文学,2,,海外教育学院,王晓白,鼓楼校区,馆1-302,1,18,118,0
19002260,材料有机化学,3,,现代工程与应用科学学院,胡勇,仙林校区,仙Ⅱ-105,1,18,23,0
8030100,教育心理学,2,,社会学院,佘壮,仙林校区,仙Ⅱ-508,1,18,119,0
61001970,能源材料化学与绿色化工,2,,化学化工学院,金钟,仙林校区,仙Ⅰ-108,4,18,28,0
2100050,专业外语,2,,历史学院,"邹劲风,罗晓翔",仙林校区,仙Ⅱ-318,1,18,116,0
341660,智创无穹：智能机器人入门导论及创新实践,1,,创新创业课程,"李华雄,袁黎明,陈春林,辛博",鼓楼校区,新教-408,8,15,80,0
91140100,植物分子发育,2,,生命科学学院,孙博,仙林校区,仙Ⅱ-214,4,18,112,0
19002380,材料化学,4,,现代工程与应用科学学院,"闫世成,唐月锋",仙林校区,仙Ⅱ-508,1,18,124,0
3001270,比较宪法,2,,法学院,田芳,仙林校区,仙Ⅰ-113,1,18,27,0
23000350,病原生物学,3,,医学院,"李尔广,郑楠,王宏伟",仙林校区,仙Ⅱ-304,1,18,30,0
2111430,俄国史纲要,2,,历史学院,吴贺,仙林校区,仙Ⅰ-112,4,18,119,0
32010060,台湾概论,2,,国际关系学院,周文星,仙林校区,仙Ⅰ-504,1,18,68,0
90413204,社会经济网络,3,,数字经济与管理学院,张科,苏州校区,南雍-东218,1,18,124,0
9050530,人工智能与会计,2,,商学院,曹洋,仙林校区,逸B-111,6,17,125,0
201400,遗传密码——认识自我和生命,2,,医学院,"李宽钰,万国强",鼓楼校区,新教-303,6,13,65,0
200460,宇宙的命运,2,,天文与空间科学学院,陈鹏飞,鼓楼校区,新教-201,4,16,37,0
78006080,大学生就业指导与求职能力提升,2,,就业指导中心,"李兴华,王姝力",仙林校区,仙Ⅰ-111,2,18,40,0
15000230,地球科学使命,1,,地球科学与工程学院,王宝军,鼓楼校区,馆1-205,4,12,30,0
21010330,初等数理天文,2,,天文与空间科学学院,罗新炼,鼓楼校区,馆1-105,4,18,111,0
3000220,西方法律思想史,2,,法学院,郭俊义,仙林校区,仙Ⅰ-113,1,18,62,0
40240,啦啦操初级4,0.75,,体育部,刘云松,鼓楼校区,吕志和三楼,4,18,35,0
7010180,信息资源管理系统应用,2,,信息管理学院,邵波,仙林校区,仙Ⅰ-324,1,18,28,0
19002510,凝聚态光物理,2,,现代工程与应用科学学院,"谢臻达,张勇",仙林校区,仙Ⅱ-503,4,18,75,0
200340,水与废水处理新技术,2,,环境学院,"丁丽丽,任洪强,黄辉",鼓楼校区,新教-103,7,18,30,0
12001310,半导体物理与器件,3,,物理学院,"缪峰,梁世军",仙林校区,仙Ⅰ-322,1,18,74,0
30000040,人工智能导论,2,,人工智能学院,"章宗长,俞扬",仙林校区,逸B-212,1,18,24,0
18000610,模拟电路,3,,电子科学与工程学院,姜乃卓,仙林校区,仙Ⅱ-111,1,18,26,0
78006330,历史、地理与诗歌,2,,大学外语部,宋玉龙,苏州校区,南雍-西122,2,18,77,0
14120060,药物化学,2,,生命科学学院,"戈惠明,史净",仙林校区,仙Ⅱ-217,1,18,129,0
10081120,西班牙文学史,2,,外国语学院,Arnau Prieto Martinez,仙林校区,仙Ⅰ-512,1,18,64,0
16000020,GIS概论,3,,地理与海洋科学学院,王结臣,仙林校区,仙Ⅰ-101,1,18,80,0
90213309,移动互联网应用开发,3,,智能软件与工程学院,刘钦,苏州校区,苏教B209,1,18,79,0
19001450,材料热力学与动力学,2,,现代工程与应用科学学院,闫世成,仙林校区,仙Ⅰ-206,4,18,66,0
5010360,马克思主义新闻观,2,,新闻传播学院,宗益祥,仙林校区,仙Ⅱ-104,1,18,38,0
303010,皮肤科学与理性护肤：从入门到实践,2,,医学院,包军,鼓楼校区,馆1-307,2,18,24,0
29030020,建筑与规划理论（二）（模块）,4,,建筑与城市规划学院,"于涛,张敏,罗小龙,申明锐",鼓楼校区,馆1-103,1,18,111,0
10060310,高级西班牙语,2,,外国语学院,李易非,仙林校区,仙Ⅰ-504,1,18,64,0
8010090,定性研究方法,3,,社会学院,"沈毅,谢燕清",仙林校区,仙Ⅱ-112,1,18,118,0
372150,文学人文,2,,艺术学院,"李丹,袁梦倩,赵幸",鼓楼校区,馆3-103,5,18,33,0
12040250,噪声控制原理,2,,物理学院,林志斌,鼓楼校区,教104,1,18,120,0
78006210,环境与健康,2,,环境学院,袁青彬,仙林校区,仙Ⅱ-103,2,18,29,0
14100060,生物信息学,2,,生命科学学院,周祯,仙林校区,仙Ⅱ-117,4,18,125,0
61000270,产品供应链：设计与管理,1,,商学院,徐小林,仙林校区,仙Ⅰ-318,10,17,32,0
19003440,光电技术与信息工程,2,,现代工程与应用科学学院,王光辉,仙林校区,仙Ⅱ-303,1,18,24,0
27050200,线性系统理论,3,,工程管理学院,朱张青,鼓楼校区,馆1-102,4,18,121,0
6040600,中国行政改革与治理创新,2,,政府管理学院,李永刚,仙林校区,仙Ⅱ-301,1,18,114,0
32010180,美国政治与外交,2,,国际关系学院,"李聆群,马博",仙林校区,仙Ⅰ-502,1,18,60,0
61001210,现代电源系统创新设计与工程应用（上）,2,,电子科学与工程学院,司峻峰,仙林校区,基础实验楼丙405,2,18,80,0
201950,环境污染与健康,2,,环境学院,季荣,鼓楼校区,新教-302,7,18,78,0
10050100,德国历史与文化,2,,外国语学院,卢盛舟,仙林校区,仙Ⅰ-504,1,18,61,0
11000030,解析几何,2,,数学学院,李一超,鼓楼校区,馆1-105,4,18,111,0
22000110,数据结构与金融算法,4,,计算机学院,时清凯,仙林校区,仙Ⅰ-103,1,18,33,0
2210490,中国陶瓷鉴定,3,,历史学院,程晓中,仙林校区,仙Ⅰ-214,1,18,112,0
372160,视觉人文,2,,艺术学院,"李健,刘德龙",鼓楼校区,教120,5,18,74,0
5010590,创业与就业,2,,新闻传播学院,"徐志萍,邱晓静,季晓敏",仙林校区,新闻传播学院201室,1,18,67,0
201830,人体探索,2,,医学院,"董平,朱亚文",鼓楼校区,新教-401,6,13,123,0
78003740,禅与中国文化,2,,中华文化研究院,刘鹿鸣,仙林校区,仙Ⅰ-116,2,18,61,0
20110490,环境科学建模方法,2,,环境学院,曲瑞娟,仙林校区,环科楼B-106,1,18,60,0
6040480,行政法学,3,,政府管理学院,张伟栋,仙林校区,仙Ⅰ-202,1,18,128,0
12001200,电动力学导论,3,,物理学院,"梁彬,刘京京",仙林校区,仙Ⅱ-109,1,18,26,0
340070,人类活动与自然过程,2,,地理与海洋科学学院,张永战,仙林校区,仙Ⅱ-104,2,18,27,0
6020380,企业人力资源管理,2,,政府管理学院,任正臣,仙林校区,仙Ⅰ-214,1,18,29,0
10070200,朝鲜（韩国）语（一）,8,,外国语学院,"尹海燕,陆玲",鼓楼校区,新教-202,4,18,74,0
61000160,危机管理之道,2,,商学院,戴万稳,仙林校区,仙Ⅰ-307,5,17,70,0
27000330,决策智能与算法导论,2,,工程管理学院,"罗志兴,陈彩华,徐薇",鼓楼校区,教105,4,18,110,0
25011220,软件工程导学,1,,软件学院,"刘峰,杨岚心,侯瑞超,周鑫,刘博涵,陈振宇,房春荣,李言辉,冯桂焕,葛季栋,任桐炜,匡宏宇,刘钦",鼓楼校区,费A-318,7,14,119,0
8030530,神经影像与认知神经科学,2,,社会学院,"张冰,陈玖",仙林校区,仙Ⅰ-209,1,18,38,0
2100060,考古学通论,2,,历史学院,张敬雷,仙林校区,仙Ⅱ-213,1,18,110,0
10030330,日语语言学概论,2,,外国语学院,汪闻君,仙林校区,仙Ⅰ-214,1,18,61,0
38030012,普通物理II,4,,南京赫尔辛基大气与地球系统科学学院,徐海潭,苏州校区,南雍-西353,1,18,74,0
18001160,数字图像与数字视频处理,3,,电子科学与工程学院,"李杨,陈浩",仙林校区,仙Ⅱ-304,1,18,129,0
2000050,看一台中国历史的大戏,2,,历史学院,"胡箫白,胡阿祥",鼓楼校区,南教-201,4,18,122,0
399030,“科学之光”——微结构光子技术,1,,公共课程,"张勇,张利剑,朱嘉,吕新杰,祝世宁,李涛",鼓楼校区,教101,8,15,78,0
10020280,综合俄语基础（一）,7,,外国语学院,"汪磊,胡颖,丁梁",鼓楼校区,新教-204,4,18,73,0
43000220,中国近现代史重要问题研究,2,,马克思主义学院,"谢任,林棵",仙林校区,逸B-202,1,18,37,0
22011320,软件安全,2,,计算机学院,茅兵,仙林校区,仙Ⅰ-104,1,18,63,0
202670,哲学视野中的科技人文关系史,2,,哲学学院,张亮,鼓楼校区,新教-204,8,15,127,0
9020400,世界经济概论,2,,商学院,柴忠东,仙林校区,逸B-201,1,18,122,0
11010030,偏微分方程,4,,数学学院,李军,仙林校区,仙Ⅱ-306,1,18,37,0
18001280,数字系统I,3,,电子科学与工程学院,赵俊明,仙林校区,仙Ⅰ-524,1,18,30,0
43000100,国外马克思主义概论,2,,马克思主义学院,"王雪,孔智键",仙林校区,逸B-202,1,18,78,0
78004240,汪伪政权研究,2,,历史学院,杨骏,仙林校区,仙Ⅱ-117,2,18,35,0
4010750,西方马克思主义哲学概论,2,,哲学学院,杨乔喻,仙林校区,仙Ⅰ-323,1,18,128,0
2210500,中国书画鉴定,2,,历史学院,车旭东,仙林校区,仙Ⅰ-211,1,18,32,0
371850,人文与艺术系列课程,2,,外国语学院,"施雪莹,勒克莱齐奥",仙林校区,仙Ⅱ-102,2,18,74,0
18060180,微电子与光电子前沿讲座,1,,电子科学与工程学院,"施毅,何亮",仙林校区,仙Ⅱ-304,1,8,20,0
399150,“科学之光”——化学创造美好生活,1,,公共课程,"郑佑轩,郭子建,王欢,李伟,丁梦宁,俞寿云,蒋锡群",鼓楼校区,教121,8,15,37,0
21010580,磁流体力学,4,,天文与空间科学学院,戴煜,仙林校区,天文与空间科学学院222,3,18,68,0
22010300,高级Java程序设计,2,,计算机学院,曹春,仙林校区,仙Ⅰ-101,1,18,127,0
43000090,马克思主义经典著作导读,2,,马克思主义学院,"张亮,赵立",仙林校区,逸B-201,1,18,38,0
27050290,工业大数据技术,2,,工程管理学院,梁茹,仙林校区,仙Ⅰ-114,1,18,65,0
18001530,无线互联时代的天线设计,2,,电子科学与工程学院,陈克,仙林校区,基础实验楼丙405,1,18,121,0
9030460,商业调研与写作,2,,商学院,"姜嬿,张文红",仙林校区,逸C-115,5,16,78,0
5020510,社会心理学,2,,新闻传播学院,王佳鹏,仙林校区,仙Ⅱ-316,1,18,30,0
10081500,西班牙语语言学概论,2,,外国语学院,王以欣,仙林校区,仙Ⅱ-512,1,18,25,0
28000330,语言多棱镜——跨领域的语言学导引,2,,海外教育学院,"张翼,曹贤文,周同科,张全真,王佳",鼓楼校区,馆1-407,4,18,126,0
4011530,东方哲学与宗教概论,3,,哲学学院,洪修平,仙林校区,哲学学院210室,3,18,80,0
27000300,工业智能与系统集成导论,2,,工程管理学院,"陈春林,胡毅",鼓楼校区,馆1-201,4,18,115,0
78005020,大学生生涯胜任力提升的理论与实践,2,,就业指导中心,"陈颖,毛予倩,陈昕",仙林校区,仙Ⅰ-111,2,18,125,0
